"Date","Time","Temperature(C)","Pressure(hPa)","Altitude(m)","Humidity(%)"
"12/03/2024","15:27:00",25.94,1017.41,-34.6,50.7
"12/03/2024","15:28:00",24.68,1017.34,-33.98,52.76
"12/03/2024","15:29:00",24.35,1017.48,-35.23,54.36
"12/03/2024","15:30:00",24.53,1017.34,-34.03,54.1
"12/03/2024","15:31:00",24.89,1017.34,-34.04,52.4
"12/03/2024","15:32:01",24.78,1017.36,-34.15,52.11
"12/03/2024","15:33:00",24.88,1017.39,-34.4,52.5
"12/03/2024","15:34:00",25.17,1017.42,-34.7,51.71
"12/03/2024","15:35:00",24.42,1017.43,-34.72,53.38
"12/03/2024","15:36:00",24.66,1017.45,-34.93,53.72
"12/03/2024","15:37:00",24.67,1017.82,-37.94,52.56
"12/03/2024","15:38:00",24.17,1018.16,-40.83,54.98
"12/03/2024","15:39:00",24.21,1018.35,-42.37,54.32
"12/03/2024","15:40:00",23.68,1018.61,-44.7,55.76
"12/03/2024","15:41:00",23.59,1018.64,-44.81,56.67
"12/03/2024","15:42:00",23.59,1018.66,-44.94,56.52
"12/03/2024","15:43:00",23.29,1018.64,-44.8,57.04
"12/03/2024","15:44:00",24.06,1018.56,-44.09,56.19
"12/03/2024","15:45:00",25.29,1018.48,-43.45,53.38
"12/03/2024","15:46:00",25.6,1018.58,-44.3,51.97
"12/03/2024","15:47:00",25.06,1018.55,-44.02,54.31
"12/03/2024","15:48:00",22.71,1018.8,-46.12,60.84
"12/03/2024","15:49:00",22.94,1018.55,-44,62.64
"12/03/2024","15:50:00",21.97,1018.59,-44.66,64.33
"12/03/2024","15:51:00",23.62,1018.72,-45.44,59.93
"12/03/2024","15:52:00",25.03,1018.56,-44.09,55.39
"12/03/2024","15:53:00",25.01,1018.53,-43.61,56.09
"12/03/2024","15:54:00",24.83,1018.56,-44.09,57.88
"12/03/2024","15:55:00",24.3,1018.5,-43.61,58.02
"12/03/2024","15:56:00",24.18,1018.43,-43.04,59.04
"12/03/2024","15:57:00",22.62,1018.49,-43.57,63.32
"12/03/2024","15:58:00",21.98,1018.44,-42.95,65.11
"12/03/2024","15:59:00",22.53,1018.38,-42.63,62.89
"12/03/2024","16:00:00",22.86,1018.45,-43.22,62.26
"12/03/2024","16:01:00",22.69,1017.99,-39.35,63.41
"12/03/2024","16:02:00",22.95,1018.23,-41.42,61.93
"12/03/2024","16:03:00",23.62,1018.27,-41.68,62.2
"12/03/2024","16:04:00",22.8,1018.21,-41.23,63.07
"12/03/2024","16:05:00",23.06,1018.03,-39.75,62.68
"12/03/2024","16:06:00",24.28,1018.12,-40.49,60.38
"12/03/2024","16:07:00",23.91,1017.98,-39.32,60.05
"12/03/2024","16:08:00",22.93,1018.04,-39.82,61.23
"12/03/2024","16:09:00",23.04,1017.96,-39.15,62.28
"12/03/2024","16:10:00",23,1018,-39.49,61.77
"12/03/2024","16:11:00",22.89,1018,-39.43,62.43
"12/03/2024","16:12:00",23.12,1018.02,-39.66,63.23
"12/03/2024","16:13:00",23.17,1017.87,-38.38,62.37
"12/03/2024","16:14:00",23.1,1017.87,-38.39,62.22
"12/03/2024","16:15:00",22.41,1017.76,-37.45,61.97
"12/03/2024","16:16:00",22.38,1017.76,-37.52,63.73
"12/03/2024","16:17:00",21.48,1017.84,-38.12,67.93
"12/03/2024","16:18:00",21.4,1017.97,-39.21,67.03
"12/03/2024","16:19:00",21.77,1017.91,-38.76,65.94
"12/03/2024","16:20:00",21.94,1017.92,-38.78,65.19
"12/03/2024","16:21:00",21.45,1017.96,-39.14,66.16
"12/03/2024","16:22:00",21.87,1017.86,-38.34,65.3
"12/03/2024","16:23:00",21.98,1017.93,-38.87,65.8
"12/03/2024","16:24:00",22.26,1017.95,-39.07,65.61
"12/03/2024","16:25:00",22.35,1018.15,-40.73,64.76
"12/03/2024","16:26:00",21.9,1018.1,-40.32,64.89
"12/03/2024","16:27:00",22.01,1018.16,-40.82,64
"12/03/2024","16:28:00",21.56,1018.11,-40.37,65.38
"12/03/2024","16:29:00",21.73,1018.19,-41.08,66.33
"12/03/2024","16:30:00",21.98,1018.06,-40,65.28
"12/03/2024","16:31:00",23.6,1018.01,-39.52,60.8
"12/03/2024","16:32:00",23.16,1018.17,-40.89,62.31
"12/03/2024","16:33:00",21.61,1018.17,-40.85,66.3
"12/03/2024","16:34:00",21.3,1018.11,-40.36,67.44
"12/03/2024","16:35:00",21.65,1018.09,-40.25,68.38
"12/03/2024","16:36:00",21.63,1017.99,-39.38,66.28
"12/03/2024","16:37:00",21.63,1017.9,-38.64,66.13
"12/03/2024","16:38:00",22.14,1017.96,-39.12,64.83
"12/03/2024","16:39:00",22.59,1017.95,-39.08,63.92
"12/03/2024","16:40:00",22.69,1017.92,-38.82,62.62
"12/03/2024","16:41:00",23.04,1017.95,-39.02,62.27
"12/03/2024","16:42:00",23.22,1017.91,-38.7,60.74
"12/03/2024","16:43:00",23.17,1017.9,-38.66,61.51
"12/03/2024","16:44:00",22.97,1017.92,-38.84,61.49
"12/03/2024","16:45:00",22.42,1017.81,-37.92,63.43
"12/03/2024","16:46:00",22.57,1017.84,-38.17,63.05
"12/03/2024","16:47:00",23,1017.81,-37.93,61.39
"12/03/2024","16:48:00",23.22,1017.82,-37.94,60.89
"12/03/2024","16:49:00",23.43,1017.82,-37.92,60.5
"12/03/2024","16:50:00",23.71,1017.8,-37.81,60.17
"12/03/2024","16:51:00",23.71,1017.8,-37.62,58.6
"12/03/2024","16:52:00",23.49,1017.72,-37.12,59.9
"12/03/2024","16:53:00",23.78,1017.69,-36.88,59.62
"12/03/2024","16:54:00",23.96,1017.7,-37.02,58.4
"12/03/2024","16:55:00",23.87,1017.72,-37.11,58.1
"12/03/2024","16:56:00",23.81,1017.11,-32.06,58.07
"12/03/2024","16:57:00",23.69,1016.62,-28.06,58.53
"12/03/2024","16:58:00",23.68,1016.45,-26.59,58.82
"12/03/2024","16:59:00",23.71,1016.44,-26.57,59.68
"12/03/2024","17:00:00",23.86,1016.44,-26.51,58.68
"12/03/2024","17:01:00",23.98,1016.4,-26.22,58.1
"12/03/2024","17:02:00",24.01,1016.38,-26,57.25
"12/03/2024","17:03:00",23.92,1016.28,-25.23,55.16
"12/03/2024","17:04:00",24.09,1016.27,-25.1,55.32
"12/03/2024","17:05:00",24.25,1016.2,-24.52,55.58
"12/03/2024","17:06:00",24.33,1016.28,-25.19,55.81
"12/03/2024","17:07:00",24.13,1016.32,-25.56,56.33
"12/03/2024","17:08:00",24.1,1016.27,-25.1,57.59
"12/03/2024","17:09:00",24.23,1016.34,-25.74,59.04
"13/03/2024","09:57:00",23.01,791.48,2035.55,22.53
"13/03/2024","09:58:00",22.41,791.57,2034.64,22.04
"13/03/2024","09:59:00",22.54,791.54,2034.98,22.36
"13/03/2024","10:00:00",23.62,791.64,2033.99,21.75
"13/03/2024","10:01:00",23.69,791.62,2034.12,18.79
"13/03/2024","10:02:00",23.55,791.77,2032.69,18.29
"13/03/2024","10:03:00",23.23,791.71,2033.25,18.85
"13/03/2024","10:04:00",25.4,791.64,2033.97,17.67
"13/03/2024","10:05:00",24.81,791.69,2033.46,17.68
"13/03/2024","10:06:00",26.74,791.73,2033.03,16.54
"13/03/2024","10:07:00",26.33,791.81,2032.27,17.24
"13/03/2024","10:08:00",26.36,791.79,2032.41,18.24
"13/03/2024","10:09:00",26.84,791.8,2032.33,17.91
"13/03/2024","10:10:00",26.46,791.61,2034.29,18.4
"13/03/2024","10:11:00",24.09,791.21,2038.34,20.24
"13/03/2024","10:12:00",24.9,791.14,2039.01,20.21
"13/03/2024","10:13:00",24.31,790.74,2043.17,20.58
"13/03/2024","10:14:00",23.17,790.65,2044.1,22.72
"13/03/2024","10:15:00",22.81,790.66,2043.92,22.98
"13/03/2024","10:16:00",22.6,790.61,2044.49,24.18
"13/03/2024","10:17:01",22.4,790.47,2045.84,24.05
"13/03/2024","10:18:00",22.29,790.51,2045.45,24.42
"13/03/2024","10:19:00",22.18,790.58,2044.73,24.55
"13/03/2024","10:20:00",22.11,790.57,2044.63,24.89
"13/03/2024","10:21:00",22.05,790.59,2044.64,24.89
"13/03/2024","10:22:00",22.01,790.57,2044.82,25.48
"13/03/2024","10:23:00",21.88,790.6,2044.5,24.57
"13/03/2024","10:24:00",21.48,790.57,2044.88,23.55
"13/03/2024","10:25:00",21.69,790.58,2044.9,22.81
"13/03/2024","10:26:00",21.29,790.67,2043.87,22.92
"13/03/2024","10:27:00",20.96,790.72,2043.28,22.67
"13/03/2024","10:28:00",21.08,791.04,2040.07,21.9
"13/03/2024","10:29:00",20.37,791.09,2039.59,22.09
"13/03/2024","10:30:00",20.82,791.22,2038.28,23.81
"13/03/2024","10:31:00",21.75,791.42,2036.16,22.44
"13/03/2024","10:32:00",22.12,791.66,2033.75,21.54
"13/03/2024","10:33:00",22.4,791.75,2032.86,20.78
"13/03/2024","10:34:00",22.91,791.72,2033.17,19.46
"13/03/2024","10:35:00",22.74,791.01,2040.4,18.31
"13/03/2024","10:36:00",23.42,790.57,2044.8,19.61
"13/03/2024","10:37:00",23.93,790.32,2047.35,17.84
"13/03/2024","10:38:00",23.86,790.35,2047.1,18.51
"13/03/2024","10:39:00",24.03,790.35,2047.11,19.16
"13/03/2024","10:40:00",23.63,790.29,2047.69,18.46
"13/03/2024","10:41:00",21.9,790.41,2046.48,16.96
"13/03/2024","10:42:00",23.02,790.7,2043.52,19.72
"13/03/2024","10:43:00",23.28,791.31,2037.32,16.85
"13/03/2024","10:44:00",24.18,791.85,2031.83,17.86
"13/03/2024","10:45:00",24.28,791.88,2031.41,17.05
"13/03/2024","10:46:00",24.14,791.8,2032.32,17.48
"13/03/2024","10:47:00",25.65,791.72,2033.18,16.7
"13/03/2024","10:48:00",27.41,791.74,2032.94,14.95
"13/03/2024","10:49:00",28.4,791.68,2033.54,14.52
"13/03/2024","10:50:00",28.44,791.53,2035.1,13.43
"13/03/2024","10:51:00",28.56,791.46,2035.82,15.12
"13/03/2024","10:52:00",28.88,791.67,2033.6,15.32
"13/03/2024","10:53:00",29.06,791.73,2033.07,15.29
"13/03/2024","10:54:00",27.55,791.7,2033.34,14.59
"13/03/2024","10:55:00",27.53,791.74,2032.91,14.58
"13/03/2024","10:56:00",28.64,791.69,2033.46,14.51
"13/03/2024","10:57:01",29.79,791.56,2034.75,12.93
"13/03/2024","10:58:00",30.2,791.42,2036.21,11.93
"13/03/2024","10:59:00",30.35,791.29,2037.48,12.28
"13/03/2024","11:00:00",29.84,791.31,2037.32,10.35
"13/03/2024","11:01:00",29.94,791.17,2038.71,11.32
"13/03/2024","11:02:00",29.61,791.14,2039.06,12.37
"13/03/2024","11:03:00",29.77,791.15,2038.98,12.58
"13/03/2024","11:04:00",30.22,791.09,2039.59,12.5
"13/03/2024","11:05:00",30.59,790.96,2040.85,11.24
"13/03/2024","11:06:00",30.66,790.52,2045.36,11.46
"13/03/2024","11:07:00",30.72,790.33,2047.28,9.96
"13/03/2024","11:08:00",31.6,790.34,2047.23,9.66
"13/03/2024","11:09:00",32.25,790.33,2047.29,10.79
"13/03/2024","11:10:00",33.09,790.08,2049.82,10.12
"13/03/2024","11:11:00",33.46,789.95,2051.13,9.44
"13/03/2024","11:12:00",33.66,789.69,2053.84,9.07
"13/03/2024","11:13:00",33.81,789.55,2055.28,9.67
"13/03/2024","11:14:00",33.53,789.1,2059.79,8.76
"13/03/2024","11:15:00",33.59,789.26,2058.17,8.57
"13/03/2024","11:16:00",33.96,789.23,2058.46,8.66
"13/03/2024","11:17:00",34.27,789.2,2058.77,8.43
"13/03/2024","11:18:00",34.5,789.25,2058.33,8.58
"13/03/2024","11:19:00",33.62,788.92,2061.46,9.09
"13/03/2024","11:20:00",33.61,788.5,2065.94,9.25
"13/03/2024","11:21:00",32.24,787.79,2073.14,9.11
"13/03/2024","11:22:00",31.45,787.79,2073.15,9.5
"13/03/2024","11:23:00",29.6,787.8,2073.05,10
"13/03/2024","11:24:00",28.22,787.75,2073.61,9.34
"13/03/2024","11:25:00",26.84,787.72,2073.9,8.19
"13/03/2024","11:26:00",26,787.21,2079.12,8.75
"13/03/2024","11:27:00",26.82,787.01,2081.12,8.83
"13/03/2024","11:28:00",26.41,787.35,2077.65,8.32
"13/03/2024","11:29:00",26.92,787.18,2079.42,9.1
"13/03/2024","11:30:00",27.42,787.93,2071.72,9.32
"13/03/2024","11:31:00",28.5,788.6,2064.94,9.14
"13/03/2024","11:32:00",29.08,789.33,2057.51,10.5
"13/03/2024","11:33:00",29.34,790.22,2048.44,10.44
"13/03/2024","11:34:00",28.94,790.83,2042.21,11.56
"13/03/2024","11:35:00",29.32,791.53,2035.06,10.71
"13/03/2024","11:36:00",29.71,792.01,2030.24,10.15
"13/03/2024","11:37:00",29.12,792.25,2027.79,10.53
"13/03/2024","11:38:00",28.83,792.57,2024.54,9.61
"13/03/2024","11:39:00",29.88,792.13,2028.99,10.12
"13/03/2024","11:40:00",30.5,792.82,2022.01,10.28
"13/03/2024","11:41:00",30.24,793.74,2012.59,10.47
"13/03/2024","11:42:00",29.23,794.48,2005.09,11.77
"13/03/2024","11:43:00",28.76,794.92,2000.65,14.24
"13/03/2024","11:44:00",27.52,795.32,1996.59,11.07
"13/03/2024","11:45:00",27.3,795.42,1995.62,11.86
"13/03/2024","11:46:00",26.98,795.33,1996.47,19.18
"13/03/2024","11:47:00",26.18,796.28,1986.86,24.74
"13/03/2024","11:48:00",25.85,796.73,1982.33,19.54
"13/03/2024","11:49:00",25.84,797.21,1977.5,25.55
"13/03/2024","11:50:00",26.35,798.09,1968.63,18.06
"13/03/2024","11:51:00",26.19,798.8,1961.44,24.32
"13/03/2024","11:52:00",25.99,799.76,1951.79,25.75
"13/03/2024","11:53:00",25.66,800.56,1943.68,25.61
"13/03/2024","11:54:00",25.59,801.33,1935.88,24.59
"13/03/2024","11:55:00",25.15,801.72,1931.96,22.24
"13/03/2024","11:56:00",24.55,802.24,1926.74,19.18
"13/03/2024","11:57:00",24.19,802.21,1927.06,22.08
"13/03/2024","11:58:00",23.04,802.22,1926.95,22.39
"13/03/2024","11:59:00",22.33,802.02,1929.03,26.68
"13/03/2024","12:00:00",21.55,801.19,1937.38,26.57
"13/03/2024","12:01:00",22.38,801.29,1936.32,26.26
"13/03/2024","12:02:00",22.85,800.91,1940.2,25.24
"13/03/2024","12:03:00",23.92,799.83,1951,22.85
"13/03/2024","12:04:00",21.33,798.8,1961.48,26.73
"13/03/2024","12:05:00",21.91,797.91,1970.41,25.43
"13/03/2024","12:06:00",23.09,797.81,1971.42,25.56
"13/03/2024","12:07:00",23.97,796.61,1983.57,27.24
"13/03/2024","12:08:00",22.85,795.76,1992.17,27.36
"13/03/2024","12:09:00",23.65,795.01,1999.8,25.41
"13/03/2024","12:10:00",23.61,794.1,2009.02,26.86
"13/03/2024","12:11:00",23.53,792.84,2021.79,29.14
"13/03/2024","12:12:00",22.4,791.99,2030.42,28.17
"13/03/2024","12:13:00",21.79,791.41,2036.31,29.59
"13/03/2024","12:14:00",20.99,791.24,2038.01,30.81
"13/03/2024","12:15:00",20.65,791.45,2035.94,30.73
"13/03/2024","12:16:00",20.37,791.37,2036.72,31.45
"13/03/2024","12:17:00",20.45,791.62,2034.19,32.16
"13/03/2024","12:18:00",20.56,791.46,2035.77,32.13
"13/03/2024","12:19:00",21.77,791.31,2037.36,30.52
"13/03/2024","12:20:00",22.06,791.21,2038.3,29.52
"Date","Time","Temperature(C)","Pressure(hPa)","Altitude(m)","Humidity(%)"
"13/03/2024","13:23:00",24.11,913.14,868.93,37.31
"13/03/2024","13:24:00",24.2,911.17,886.84,38.22
"13/03/2024","13:25:00",24.23,909.15,905.17,39.46
"13/03/2024","13:26:00",24.23,905.03,942.64,45.34
"13/03/2024","13:27:00",24.25,901.08,978.49,43.66
"13/03/2024","13:28:00",24.23,898.41,1003.29,46.34
"13/03/2024","13:29:00",24.17,895.18,1032.95,41.26
"13/03/2024","13:30:00",24.09,897.32,1013.22,38.43
"13/03/2024","13:31:00",24.03,900.05,988.2,38.38
"13/03/2024","13:32:00",24.03,904.1,951.15,40.82
"13/03/2024","13:33:00",24.04,906.84,926.18,43.46
"13/03/2024","13:34:00",24.07,909.85,898.79,46.46
"13/03/2024","13:35:00",24.11,913.5,865.67,45.89
"13/03/2024","13:36:00",24.1,917.15,832.68,41.85
"13/03/2024","13:37:00",24.1,920.3,804.29,39.71
"13/03/2024","13:38:00",24.08,924.06,770.55,39.01
"13/03/2024","13:39:00",24.1,927.19,742.49,42.93
"13/03/2024","13:40:00",24.14,931.38,705.11,46.25
"13/03/2024","13:41:00",24.18,934.88,673.91,45.47
"13/03/2024","13:42:00",24.19,939.68,631.37,42.14
"13/03/2024","13:43:00",24.17,944.12,592.17,38.7
"13/03/2024","13:44:00",24.13,947.83,559.47,38.81
"13/03/2024","13:45:00",24.14,949.44,545.3,41.92
"13/03/2024","13:46:00",24.19,951.41,528.07,44.73
"13/03/2024","13:47:00",24.23,948.46,553.93,44.43
"13/03/2024","13:48:00",24.3,950.05,540,42.7
"13/03/2024","13:49:00",24.34,957.47,475.12,40.36
"13/03/2024","13:50:00",24.39,957.38,475.87,40.19
"13/03/2024","13:51:00",24.42,955,496.63,39.45
"13/03/2024","13:52:00",24.46,962.08,435.05,39.79
"13/03/2024","13:53:00",24.51,969.5,370.83,41.92
"13/03/2024","13:54:00",24.53,971.75,351.4,45.73
"13/03/2024","13:55:00",24.51,967.78,385.66,45.24
"13/03/2024","13:56:00",24.45,963.55,422.22,40.79
"13/03/2024","13:57:00",24.4,961.44,440.56,40.91
"13/03/2024","13:58:00",24.38,955.07,496.04,42.63
"13/03/2024","13:59:00",24.4,947.42,563.1,44.89
"13/03/2024","14:00:00",24.43,947.41,563.18,44.31
"13/03/2024","14:01:00",24.5,949.74,542.7,46.01
"13/03/2024","14:02:00",24.51,950.96,531.97,44.41
"13/03/2024","14:03:00",24.53,951.09,530.9,46.35
"13/03/2024","14:09:00",23.63,951.35,528.63,60.41
"13/03/2024","14:10:00",23.42,951.34,528.68,59.47
"13/03/2024","14:11:00",23.19,951.25,529.45,63.6
"13/03/2024","14:12:00",23.15,951.28,529.19,63.03
"13/03/2024","14:13:00",23.13,951.22,529.74,64.54
"13/03/2024","14:14:00",23.16,951.24,529.54,64.21
"13/03/2024","14:15:00",23.25,951.25,529.44,64.71
"13/03/2024","14:16:00",23.36,951.26,529.37,64.74
"13/03/2024","14:17:00",23.42,951.24,529.58,63.52
"13/03/2024","14:18:00",23.45,951.21,529.79,62.49
"13/03/2024","14:19:00",23.52,951.18,530.1,64.74
"13/03/2024","14:20:00",23.59,951.18,530.07,64.76
"13/03/2024","14:21:00",23.67,951.2,529.91,63.75
"13/03/2024","14:22:00",23.74,951.22,529.77,63.23
"13/03/2024","14:23:00",23.81,951.2,529.94,63.09
"13/03/2024","14:24:00",23.87,951.21,529.84,63.07
"13/03/2024","14:25:00",23.92,951.22,529.72,63.09
"13/03/2024","14:26:00",23.98,951.21,529.86,62.02
"13/03/2024","14:27:00",24,951.17,530.13,62.71
"13/03/2024","14:28:00",23.99,951.19,530.03,61.36
"13/03/2024","14:29:00",24,951.15,530.34,61.55
"13/03/2024","14:30:00",23.99,951.18,530.08,61.76
"13/03/2024","14:31:00",24.01,951.14,530.45,61.62
"13/03/2024","14:32:00",24.1,951.13,530.54,68.4
"13/03/2024","14:33:00",24.5,951.16,530.22,64.62
"13/03/2024","14:34:00",24.89,951.1,530.8,63.9
"13/03/2024","14:35:00",25.26,951.14,530.4,64.48
"13/03/2024","14:36:00",25.66,951.15,530.35,63.67
"13/03/2024","14:37:00",26.05,951.16,530.24,63.13
"13/03/2024","14:38:00",26.47,951.14,530.45,63.01
"13/03/2024","14:39:00",26.86,955.7,490.6,62.91
"13/03/2024","14:40:00",27.17,946.66,569.63,61.44
"13/03/2024","14:41:00",27.44,937.22,653.16,60.71
"13/03/2024","14:42:00",27.67,935.46,668.73,59.64
"13/03/2024","14:43:00",27.76,935.42,669.09,55.02
"13/03/2024","14:49:00",24.94,934.75,675.05,60.7
"13/03/2024","16:09:00",17.62,931.55,703.57,91.04
"13/03/2024","16:10:00",18.28,931.53,703.75,91
"13/03/2024","16:11:00",18.76,931.66,702.62,90.66
"14/03/2024","13:54:00",25.68,938.15,644.92,47.91
"14/03/2024","13:55:00",24.49,937.99,646.32,51.25
"14/03/2024","13:56:00",23.3,938.02,646.07,54.03
"14/03/2024","13:57:00",22.64,938.1,645.37,55.44
"14/03/2024","13:58:01",22.06,938.1,645.32,57.68
"14/03/2024","13:59:00",21.28,938.04,645.86,59.44
"14/03/2024","14:00:00",20.72,938.03,646,61.86
"14/03/2024","14:01:00",20.24,938.05,645.77,62.73
"14/03/2024","14:02:00",19.42,938.1,645.36,66.5
"14/03/2024","14:03:00",19.45,938.11,645.25,65.62
"14/03/2024","14:04:00",18.98,938.08,645.53,67.3
"Date","Time","Temperature(C)","Pressure(hPa)","Altitude(m)","Humidity(%)"
"15/03/2024","02:34:00",24.38,1016.54,-27.33,59.92
"15/03/2024","02:35:00",24.49,1016.57,-27.6,59.34
"15/03/2024","02:36:00",24.55,1016.56,-27.56,58.98
"15/03/2024","02:37:00",24.59,1016.54,-27.39,58.78
"15/03/2024","02:38:00",24.61,1016.53,-27.24,58.61
"15/03/2024","02:39:00",24.63,1016.48,-26.88,58.48
"15/03/2024","02:40:00",24.66,1016.52,-27.2,58.35
"15/03/2024","02:41:00",24.68,1016.51,-27.09,58.25
"15/03/2024","02:42:00",24.71,1016.53,-27.29,58.14
"15/03/2024","02:43:00",24.72,1016.52,-27.2,58.03
"15/03/2024","02:44:00",24.74,1016.51,-27.07,57.97
"Date","Time","Temperature(C)","Pressure(hPa)","Altitude(m)","Humidity(%)"
"15/03/2024","10:24:00",18.59,914.81,853.89,67.6
"15/03/2024","10:25:00",17.97,914.98,852.66,66.96
"15/03/2024","10:26:00",18.03,914.85,853.47,66.99
"15/03/2024","10:27:00",17.47,915.03,851.89,68.68
"15/03/2024","10:28:00",17.12,915.36,848.92,69.65
"15/03/2024","10:29:00",16.7,915.95,843.9,72.08
"15/03/2024","10:30:00",16.52,916.73,836.48,72.88
"15/03/2024","10:31:00",16.29,916.95,834.53,73.38
"15/03/2024","10:32:00",16.01,917.91,825.62,74.33
"15/03/2024","10:33:00",15.88,918.92,817,74.9
"15/03/2024","10:34:00",15.88,919.62,810.45,75.04
"15/03/2024","10:35:00",15.74,919.58,810.82,76.04
"15/03/2024","10:36:00",15.58,920.04,806.64,77.13
"15/03/2024","10:37:00",15.43,919.74,809.33,77.63
"15/03/2024","10:38:00",15.23,919.09,815.23,78.15
"15/03/2024","10:39:00",15.16,919.12,814.94,78.77
"15/03/2024","10:40:00",14.99,919.98,807.19,77.38
"15/03/2024","10:41:00",14.99,920.46,802.89,77.03
"15/03/2024","10:42:00",15.02,921.55,793.1,76.21
"15/03/2024","10:43:00",15.22,922.72,782.58,71.83
"15/03/2024","10:44:00",15.38,923.92,771.75,75.92
"15/03/2024","10:45:00",15.64,924.79,763.97,73.77
"15/03/2024","10:46:00",15.75,925.56,757.07,73.49
"15/03/2024","10:47:00",15.82,926.64,747.45,71.46
"15/03/2024","10:48:00",15.98,927.6,738.78,70.41
"15/03/2024","10:49:00",16.16,927.73,737.62,69.45
"15/03/2024","10:50:00",16.3,927.78,737.2,69.74
"15/03/2024","10:51:00",16.36,927.75,737.52,67.37
"15/03/2024","10:52:00",16.53,927.73,737.69,67.85
"15/03/2024","10:53:00",16.53,927.81,736.95,67.64
"15/03/2024","10:54:00",16.61,927.82,736.87,69.69
"15/03/2024","10:55:00",16.48,927.69,738,70.92
"15/03/2024","10:56:00",16.46,927.7,737.9,71.89
"15/03/2024","10:57:00",16.46,927.73,737.68,70.54
"15/03/2024","10:58:00",16.5,927.74,737.61,68.94
"15/03/2024","10:59:00",16.51,927.74,737.56,70.09
"15/03/2024","11:00:00",16.52,927.72,737.77,66.75
"15/03/2024","11:01:00",16.56,927.71,737.83,68.21
"15/03/2024","11:02:00",16.6,927.69,737.98,67.84
"15/03/2024","11:03:00",16.55,928.4,731.65,68.72
"15/03/2024","11:04:00",16.37,929.53,721.56,70.68
"15/03/2024","11:05:00",16.22,928.62,729.67,69.35
"15/03/2024","11:06:00",16.32,927.54,739.35,66.17
"15/03/2024","11:07:00",16.44,927.04,743.88,65.83
"15/03/2024","11:08:00",16.76,927.17,742.65,65.55
"15/03/2024","11:09:00",18.63,927.28,741.67,61
"15/03/2024","11:10:00",20.55,927.21,742.27,56.29
"15/03/2024","11:11:00",21.31,927.27,741.77,52.37
"15/03/2024","11:12:00",21.43,927.26,741.83,52.69
"15/03/2024","11:13:00",22.23,927.16,742.82,50.62
"15/03/2024","11:14:00",22.06,927.33,741.21,52.47
"15/03/2024","11:15:00",22.31,927.3,741.47,53.37
"15/03/2024","11:16:00",22.56,927.29,741.61,50.24
"15/03/2024","11:17:00",22.99,927.28,741.65,47.51
"15/03/2024","11:18:00",23.19,927.27,741.73,49.78
"15/03/2024","11:19:00",23,927.26,741.84,49.54
"15/03/2024","11:20:00",22.23,927.4,740.6,46.63
"15/03/2024","11:21:00",22.29,927.32,741.3,50.05
"15/03/2024","11:22:00",21.25,927.25,742,50.82
"15/03/2024","11:23:00",21.22,927.47,739.97,54.3
"15/03/2024","11:24:00",21.8,928.17,733.74,53.91
"15/03/2024","11:25:00",22.49,928.54,730.4,52.1
"15/03/2024","11:26:00",21.81,929.07,725.67,52.44
"15/03/2024","11:27:00",20.97,929.21,724.43,55.43
"15/03/2024","11:28:00",20.9,930.3,714.72,54.54
"15/03/2024","11:29:00",21.47,931.07,707.83,52.24
"15/03/2024","11:30:00",21.07,931.7,702.2,53.49
"15/03/2024","11:31:00",20.9,932.06,699.02,55.1
"15/03/2024","11:32:00",20.46,932.21,697.72,54.77
"15/03/2024","11:33:00",20.13,931.42,704.76,54.8
"15/03/2024","11:34:00",20.59,930.83,710.02,54.65
"15/03/2024","11:35:00",20.94,930.74,710.81,46.22
"15/03/2024","11:36:00",22.3,930.67,711.4,46.41
"15/03/2024","11:37:00",23.1,930.9,709.33,44.19
"15/03/2024","11:38:00",22.8,931.44,704.57,47.9
"15/03/2024","11:39:00",23.45,931.41,704.83,45.63
"15/03/2024","11:40:00",24.31,931.91,700.38,41.29
"15/03/2024","11:42:00",26.22,932.98,690.83,40.66
"15/03/2024","11:43:00",26.42,933.89,682.71,37.09
"15/03/2024","11:44:00",24.73,934.32,678.88,40.44
"15/03/2024","11:45:00",25.04,935.02,672.7,44.79
"15/03/2024","11:46:00",26.46,935.1,672,41.21
"15/03/2024","11:47:00",28.08,935.08,672.11,38.58
"15/03/2024","11:48:00",29.24,935.29,670.25,35.25
"15/03/2024","11:49:00",27.11,936.45,660.01,36.34
"15/03/2024","11:50:00",26.17,936.83,656.61,38.86
"15/03/2024","11:51:00",25.04,937.78,648.22,43.18
"15/03/2024","11:52:00",24.15,939.18,635.83,43.8
"15/03/2024","11:53:00",25.87,939.18,635.81,42.49
"15/03/2024","11:54:00",26.24,939.23,635.35,42.48
"15/03/2024","11:55:00",26.26,939.19,635.73,40.35
"15/03/2024","11:56:00",26.3,939.17,635.9,40.61
"15/03/2024","11:57:00",26.37,939.21,635.53,38.67
"15/03/2024","11:58:00",27.06,939.17,636.28,40.19
"15/03/2024","11:59:00",28.19,939.16,635.93,41.12
"15/03/2024","12:00:00",29.39,939.1,636.45,33.69
"15/03/2024","12:01:00",28.96,938.91,638.17,36.69
"15/03/2024","12:02:00",28.51,939.33,634.44,40.78
"15/03/2024","12:03:00",28.19,940.34,625.52,40.61
"15/03/2024","12:04:00",26.93,941.79,612.66,40.11
"15/03/2024","12:05:00",26.21,942.07,610.23,43.81
"15/03/2024","12:06:00",25.86,942.25,608.46,40.95
"15/03/2024","12:07:00",25.39,942.53,605.9,45.23
"15/03/2024","12:08:00",25.46,943,602.12,45.13
"15/03/2024","12:09:00",25.26,944.06,592.7,45.38
"15/03/2024","12:10:00",25.65,945.12,583.29,46.37
"15/03/2024","12:11:00",25.31,944.63,587.68,43.16
"15/03/2024","12:12:00",24.99,944.61,587.83,46.01
"15/03/2024","12:13:00",24.83,945.41,580.75,45.2
"15/03/2024","12:14:00",25.09,945.62,578.81,48.89
"15/03/2024","12:15:00",24.97,945.87,576.69,50.54
"15/03/2024","12:16:00",26,946.07,574.96,46.9
"15/03/2024","12:17:00",26.82,945.5,580,42.47
"15/03/2024","12:18:00",26.57,945.57,579.39,35.17
"15/03/2024","12:19:00",25.36,945.54,579.62,37.43
"15/03/2024","12:20:00",25.53,945.71,578.15,38.22
"15/03/2024","12:21:00",24.95,945.52,579.78,41.05
"15/03/2024","12:22:00",23.98,946.31,572.83,43.8
"15/03/2024","12:23:00",25.29,946.42,571.88,44.24
"15/03/2024","12:24:00",25.89,945.62,578.96,43.99
"15/03/2024","12:25:00",26.53,945.28,581.89,39.07
"15/03/2024","12:26:00",26.18,944.95,584.84,39.04
"15/03/2024","12:27:00",25.91,945.03,584.11,45.18
"15/03/2024","12:28:00",26.33,944.95,584.82,43.6
"15/03/2024","12:29:00",26.07,944.66,586.95,36.69
"15/03/2024","12:30:00",25.2,943.45,598.05,42.01
"15/03/2024","12:31:00",24.35,942.73,604.38,45.27
"15/03/2024","12:32:00",24.19,942.57,605.79,47.34
"15/03/2024","12:33:00",24.23,942.04,610.46,46.11
"15/03/2024","12:34:00",24.03,941.99,610.94,46.73
"15/03/2024","12:35:00",24.63,941.43,615.91,48.22
"15/03/2024","12:36:00",25.32,940.42,624.84,37.41
"15/03/2024","12:37:00",24.81,940.96,620.06,41.41
"15/03/2024","12:38:00",25.16,942.04,610.28,44.43
"15/03/2024","12:39:00",26.39,942.43,607.09,36.02
"15/03/2024","12:40:00",28.19,942.4,607.29,38.98
"15/03/2024","12:41:00",28.26,942.39,607.41,40.94
"15/03/2024","12:42:00",28.55,942.4,607.35,40.6
"15/03/2024","12:43:00",28.93,942.47,606.73,38.97
"15/03/2024","12:44:00",29.9,942.36,607.7,36.46
"15/03/2024","12:45:00",30.45,942.38,607.46,33.55
"15/03/2024","12:46:00",29.82,942.35,607.73,36.97
"15/03/2024","12:47:00",28.5,943.4,598.48,38.69
"15/03/2024","12:48:00",27.19,944.02,593.05,41.38
"15/03/2024","12:49:00",26.47,945.3,581.71,44.66
"15/03/2024","12:50:00",26.77,945.74,577.86,45.35
"15/03/2024","12:51:00",27.73,945.79,577.38,48.05
"15/03/2024","12:52:00",28.99,945.76,577.72,43.13
"15/03/2024","12:53:00",29.3,945.76,577.7,42.39
"15/03/2024","12:54:00",29.07,945.74,577.85,42.1
"15/03/2024","12:55:00",28.99,945.83,577.11,44.15
"15/03/2024","12:56:00",28.64,945.76,577.72,41.83
"15/03/2024","12:57:00",28.9,945.77,577.59,41.3
"15/03/2024","12:58:00",28.85,945.75,577.8,41.62
"15/03/2024","12:59:00",28.99,945.77,577.62,42.69
"15/03/2024","13:00:00",29.21,945.8,577.36,42.73
"15/03/2024","13:01:00",29.27,945.8,577.38,40.8
"15/03/2024","13:02:00",29.24,945.82,577.34,42.15
"15/03/2024","13:03:00",29.01,945.78,577.54,44.22
"15/03/2024","13:04:00",29.03,945.8,577.34,44.45
"15/03/2024","13:05:00",29.81,945.73,577.94,41.5
"15/03/2024","13:06:00",30.45,945.74,577.89,40.11
"15/03/2024","13:07:00",31.19,945.71,578.14,38.9
"15/03/2024","13:08:00",31.91,945.7,578.26,36.69
"15/03/2024","13:09:00",32.3,945.69,578.3,35.79
"15/03/2024","13:10:00",31.98,945.71,578.1,37.55
"15/03/2024","13:11:00",31.99,945.7,578.22,35.84
"15/03/2024","13:12:00",32.28,945.65,578.64,36.96
"15/03/2024","13:13:00",32.46,945.64,578.76,35.93
"15/03/2024","13:14:00",32.34,945.67,578.49,34.03
"15/03/2024","13:15:00",31.97,945.61,579,34.06
"15/03/2024","13:16:00",32.2,945.62,578.93,37
"15/03/2024","13:17:00",32.13,945.57,579.33,29.58
"15/03/2024","13:18:00",32.44,945.57,579.36,36.33
"15/03/2024","13:19:00",31.94,945.61,579.01,34.25
"15/03/2024","13:20:00",31.74,945.58,579.24,36.65
"15/03/2024","13:21:00",32.28,945.55,579.32,35.51
"15/03/2024","13:22:00",31.79,945.41,580.8,35.06
"15/03/2024","13:23:00",31.58,945.42,580.66,36.03
"15/03/2024","13:24:00",31.23,945.46,580.31,36.91
"15/03/2024","13:25:00",31.35,945.42,580.7,35.77
"15/03/2024","13:26:00",30.97,945.41,580.81,37.09
"15/03/2024","13:27:00",30.17,945.54,579.6,37.9
"15/03/2024","13:28:00",30.35,946.76,568.87,40.88
"15/03/2024","13:29:00",31.09,947.66,560.97,36.13
"15/03/2024","13:30:00",30.73,948.08,557.3,36.06
"15/03/2024","13:31:00",30.24,949.09,548.57,37.82
"15/03/2024","13:32:00",30.56,950.03,540.15,36.5
"15/03/2024","13:33:00",31.19,949.92,541.14,34.45
"15/03/2024","13:34:00",30.38,949.94,541,34.41
"15/03/2024","13:35:00",29.52,949.87,541.6,33.06
"15/03/2024","13:36:00",28.29,949.85,541.76,34.45
"15/03/2024","13:37:00",27.24,949.89,541.41,39.21
"15/03/2024","13:38:00",27.97,949.85,541.79,39.76
"15/03/2024","13:39:00",28.13,949.93,541.02,39.47
"15/03/2024","13:40:00",29,950.08,539.74,40.26
"15/03/2024","13:41:00",29.65,950.49,536.16,38.51
"15/03/2024","13:42:00",29.84,951.06,531.15,37.88
"15/03/2024","13:43:00",29.57,951.91,523.66,36.34
"15/03/2024","13:44:00",29.7,952.62,517.51,36.77
"15/03/2024","13:45:00",29.75,952.54,518.18,37.77
"15/03/2024","13:46:00",29.4,952.51,518.46,37.38
"15/03/2024","13:47:00",29.36,952.21,521.05,38.61
"15/03/2024","13:48:00",29.62,952.48,518.74,40.01
"15/03/2024","13:49:00",29.71,953.02,514,38.66
"15/03/2024","13:50:00",29.93,954.26,503.13,38.11
"15/03/2024","13:51:00",30.23,954.29,502.86,36.34
"15/03/2024","13:52:00",30.51,954.29,502.86,36.71
"15/03/2024","13:53:00",30.37,954.75,498.87,38.13
"15/03/2024","13:54:00",30.04,955.93,488.59,37.92
"15/03/2024","13:55:00",30.97,956.04,487.61,38.89
"15/03/2024","13:56:00",31.48,956.82,480.82,36.52
"15/03/2024","13:57:00",32.42,956.8,480.92,34.51
"15/03/2024","13:58:00",32.76,956.78,481.14,35.35
"15/03/2024","13:59:00",32.68,957.16,477.82,34.13
"15/03/2024","14:00:00",32.28,957.88,471.5,32.91
"15/03/2024","14:01:00",32.44,957.94,471.03,33.73
"15/03/2024","14:02:00",32.41,957.91,471.03,34.35
"15/03/2024","14:03:00",32.45,958.34,467.57,35.59
"15/03/2024","14:04:00",32.64,958.87,462.94,33.07
"15/03/2024","14:05:00",31.45,959.99,453.16,33.86
"15/03/2024","14:06:00",31.11,961.05,443.92,35.09
"15/03/2024","14:07:00",30.29,962.12,434.65,36.07
"15/03/2024","14:08:00",30.03,963.1,426.2,37.04
"15/03/2024","14:09:00",29.74,964.08,417.66,38.14
"15/03/2024","14:10:00",29.39,964.83,411.19,38.23
"15/03/2024","14:11:00",30.14,964.93,410.29,38.24
"15/03/2024","14:12:00",30.36,965.1,408.53,38.28
"15/03/2024","14:13:00",30.84,965.02,409.49,35.05
"15/03/2024","14:14:00",30.46,965.85,402.3,35.77
"15/03/2024","14:15:00",30.24,967.17,390.91,35.49
"15/03/2024","14:17:00",30.22,969.28,372.65,35.53
"15/03/2024","14:18:00",30.53,969.95,366.6,36.69
"15/03/2024","14:19:00",30.73,970.83,359.28,35.97
"15/03/2024","14:20:00",30.75,971.54,353.19,38.22
"15/03/2024","14:21:00",30.87,972.76,342.79,35.95
"15/03/2024","14:22:00",30.93,972.42,345.59,34.42
"15/03/2024","14:23:00",30.11,972.46,345.29,36.04
"15/03/2024","14:24:00",28.78,972.49,345.06,37.47
"15/03/2024","14:25:00",27.96,972.49,345.01,38.92
"15/03/2024","14:26:00",27.59,972.46,345.31,41.21
"15/03/2024","14:27:00",27.45,972.59,344.17,42.62
"15/03/2024","14:28:00",29.17,973.21,338.83,43.02
"15/03/2024","14:29:01",30.47,973.82,333.59,38.64
"15/03/2024","14:30:00",31,973.26,338.43,36.3
"15/03/2024","14:31:00",31.24,972.52,344.77,36.44
"15/03/2024","14:32:00",30.78,972.95,341.06,35.32
"15/03/2024","14:33:00",30.13,972.93,341.23,37.58
"15/03/2024","14:34:00",30.11,972.95,341.05,37.66
"15/03/2024","14:35:00",30.06,972.88,341.66,36.94
"15/03/2024","14:36:00",30.09,973.26,338.41,36.04
"15/03/2024","14:37:00",30.31,974.09,331.29,37.61
"15/03/2024","14:38:00",30.18,974.96,323.78,38.3
"15/03/2024","14:39:00",30.35,975.86,316.07,36.85
"15/03/2024","14:40:00",30.53,976.43,311.14,39.05
"15/03/2024","14:41:00",30.69,977.17,304.82,38.32
"15/03/2024","14:42:00",30.69,978.21,295.89,39.09
"15/03/2024","14:43:00",30.8,978.79,290.97,38.92
"15/03/2024","14:44:00",31.13,979.43,285.44,37.94
"15/03/2024","14:45:00",31.16,979.72,282.98,37.31
"15/03/2024","14:46:00",31.21,980.87,273.15,37.24
"15/03/2024","14:47:00",31.39,982.03,263.26,37.73
"15/03/2024","14:48:00",31.41,982.82,256.51,36.68
"15/03/2024","14:49:00",31.11,983.59,249.89,36.58
"15/03/2024","14:50:00",31.18,983.31,252.35,35.17
"15/03/2024","14:51:00",31.35,983.58,249.97,36.39
"15/03/2024","14:52:00",30.53,983.43,251.25,38.09
"15/03/2024","14:53:00",29.72,983.51,250.59,39.23
"15/03/2024","14:54:00",29.33,983.53,250.41,40.24
"15/03/2024","14:55:00",28.71,983.49,250.81,41.38
"15/03/2024","14:56:00",27.86,983.51,250.6,43.5
"15/03/2024","14:57:00",26.81,983.49,250.81,45.56
"15/03/2024","14:58:00",25.14,983.49,250.77,49.59
"15/03/2024","14:59:00",24.85,983.49,250.75,50.65
"15/03/2024","15:00:00",23.46,983.45,251.14,54.94
"15/03/2024","15:01:00",23.07,983.32,252.21,56.51
"15/03/2024","15:02:00",23.15,983.39,251.6,56.59
"15/03/2024","15:03:00",22.95,983.51,250.56,56.52
"15/03/2024","15:04:00",22.89,983.52,250.53,57.46
"15/03/2024","15:05:00",22.58,983.76,248.45,58.56
"15/03/2024","15:06:00",23.76,984.72,240.25,57.96
"15/03/2024","15:07:00",25.23,985.51,233.6,52.86
"15/03/2024","15:08:00",26.13,986.66,223.8,51.25
"15/03/2024","15:09:00",26.63,987.04,220.53,49.14
"15/03/2024","15:10:00",26.13,987.05,220.42,48.53
"15/03/2024","15:11:00",25.89,987.03,220.66,50.03
"15/03/2024","15:12:00",26.74,987.37,217.77,48.22
"15/03/2024","15:13:00",27.87,988.5,208.1,46.5
"15/03/2024","15:14:00",28.6,989.52,199.44,45.87
"15/03/2024","15:15:00",29.13,990.38,192.15,42.35
"15/03/2024","15:16:00",29.39,991.53,182.42,41.95
"15/03/2024","15:17:00",29.54,992.87,171.07,41.25
"15/03/2024","15:18:00",29.69,993.79,163.3,41.15
"15/03/2024","15:19:00",29.52,993.84,162.9,41.74
"15/03/2024","15:20:00",29.28,995.05,152.62,42.3
"15/03/2024","15:21:00",28.02,996.03,144.38,43.36
"15/03/2024","15:22:00",27.54,997.16,134.62,45.35
"15/03/2024","15:23:00",28.45,998.19,126.14,43.64
"15/03/2024","15:24:00",29.84,999.51,115.3,41.5
"15/03/2024","15:25:00",29.75,1000.27,108.67,40.02
"15/03/2024","15:26:00",29.55,1001.37,99.39,42.83
"15/03/2024","15:27:00",29.73,1002.02,93.96,40.97
"15/03/2024","15:28:00",29.79,1002.28,91.73,40.84
"15/03/2024","15:29:00",29.58,1002.23,92.18,39.65
"15/03/2024","15:30:00",28.84,1001.97,94.33,41.74
"15/03/2024","15:31:00",28.8,1002.35,91.17,43.52
"15/03/2024","15:32:00",29.46,1002.26,91.92,43.22
"15/03/2024","15:33:00",29.83,1002.45,90.33,41.9
"15/03/2024","15:34:00",29,1003.07,85.11,43.04
"15/03/2024","15:35:00",28.78,1003.71,79.72,43.38
"15/03/2024","15:36:00",29.04,1004.39,74.03,42.72
"15/03/2024","15:37:00",28.12,1004.5,73.1,44.42
"15/03/2024","15:38:00",27.25,1004.49,73.32,46.47
"15/03/2024","15:39:00",27.33,1004.4,73.95,48.21
"15/03/2024","15:40:00",27.43,1004.37,74.23,48.05
"15/03/2024","15:41:00",27.73,1004.4,73.93,46.34
"15/03/2024","15:42:00",28.18,1004.45,73.54,45.53
"15/03/2024","15:43:00",27.95,1004.45,73.49,45.73
"15/03/2024","15:44:00",28.06,1004.46,73.44,45.97
"15/03/2024","15:45:00",27.89,1004.45,73.56,45.39
"15/03/2024","15:46:00",27.95,1004.58,72.45,45.8
"15/03/2024","15:47:00",28.41,1005.48,64.86,45.34
"15/03/2024","15:48:00",28.73,1005.99,60.63,44.13
"15/03/2024","15:49:00",28.88,1005.86,61.74,44
"15/03/2024","15:50:00",28.99,1007.16,50.85,44.03
"15/03/2024","15:51:00",29.13,1008.01,43.71,43.65
"15/03/2024","15:52:00",29.75,1008.81,37.02,43.16
"15/03/2024","15:53:00",29.74,1009.13,34.38,41.88
"15/03/2024","15:54:00",29.18,1009.99,27.18,42.89
"15/03/2024","15:55:00",29.59,1011.51,14.52,43.23
"15/03/2024","15:56:00",29.76,1012.81,3.69,42.43
"15/03/2024","15:57:00",29.54,1013.81,-4.65,43.48
"15/03/2024","15:58:00",29.73,1014.89,-13.65,43.26
"15/03/2024","15:59:00",29.11,1015.29,-16.96,45.01
"15/03/2024","16:00:00",28.96,1016.07,-23.42,46.97
"15/03/2024","16:01:00",30.1,1017.33,-33.87,45.13
"15/03/2024","16:02:00",29.25,1018.25,-41.54,45.05
"15/03/2024","16:03:00",28.78,1018.72,-45.47,45.83
"15/03/2024","16:04:00",27.41,1018,-39.45,49.25
"15/03/2024","16:05:00",26.78,1017.37,-34.43,50.88
"15/03/2024","16:06:00",27.29,1017.47,-35.05,49.41
"15/03/2024","16:07:00",27.2,1018.1,-40.27,48.84
"15/03/2024","16:08:00",26.98,1018.63,-44.73,50.5
"15/03/2024","16:09:00",26.84,1018.84,-46.42,51.99
"15/03/2024","16:10:00",26.25,1018.89,-46.88,55.14
"15/03/2024","16:11:00",26.07,1019.07,-48.37,55.19
"15/03/2024","16:12:00",25.68,1019.1,-48.63,57.36
"15/03/2024","16:13:00",26.4,1019.09,-48.48,56.63
"15/03/2024","16:14:00",26.93,1019.16,-49.09,52.5
"15/03/2024","16:15:00",26.85,1019.1,-48.63,51.99
"15/03/2024","16:16:00",27.43,1018.95,-47.36,50.89
"15/03/2024","16:17:00",25.6,1019.07,-48.33,56.58
"15/03/2024","16:18:00",25.17,1018.78,-45.92,56.01
"15/03/2024","16:19:00",25.31,1018.68,-45.15,56.07
"15/03/2024","16:20:00",25.07,1018.08,-40.17,55.87
"15/03/2024","16:21:00",25.37,1017.36,-34.17,55.69
"15/03/2024","16:22:00",25.26,1016.03,-23.05,55.46
"15/03/2024","16:23:00",25.17,1015.02,-14.74,56.02
"15/03/2024","16:24:00",24.77,1014.36,-9.22,56.63
"15/03/2024","16:25:00",24.62,1014.12,-7.22,59.26
"15/03/2024","16:26:00",24.31,1013.52,-2.26,58.67
"15/03/2024","16:27:00",23.96,1012.06,9.94,60.26
"15/03/2024","16:28:00",25.08,1010.88,19.79,56.9
"15/03/2024","16:29:00",24.16,1010.51,22.86,58.16
"15/03/2024","16:30:00",23.97,1010.37,24.01,59.18
"15/03/2024","16:31:00",23.79,1010.3,24.63,59.15
"15/03/2024","16:32:00",23.73,1010.38,23.9,59.81
"15/03/2024","16:33:00",23.55,1010.45,23.32,60.06
"15/03/2024","16:34:00",23.14,1010.47,23.18,61.3
"15/03/2024","16:35:00",22.98,1010.41,23.7,62.28
"15/03/2024","16:36:00",22.86,1010.34,24.27,63.08
"15/03/2024","16:37:00",23.44,1010.34,24.3,63.32
"15/03/2024","16:38:00",23.86,1010.33,24.35,59.58
"15/03/2024","16:39:00",24.05,1010.29,24.67,59.93
"15/03/2024","16:40:00",24.18,1010.33,24.31,58.88
"15/03/2024","16:41:00",24.91,1010.3,24.61,57.68
"15/03/2024","16:42:00",25.13,1010.28,24.74,56.84
"15/03/2024","16:43:00",25.88,1010.25,25,54.66
"16/03/2024","06:54:00",21.17,1017.24,-33.14,60.91
"16/03/2024","06:55:00",20.85,1017.83,-38.03,61.6
"16/03/2024","06:56:00",20.55,1018.4,-42.76,62.92
"16/03/2024","06:57:00",20.38,1018.58,-44.26,63.38
"16/03/2024","06:58:00",20.04,1018.64,-44.78,64.14
"16/03/2024","06:59:00",19.93,1018.57,-44.18,67.67
"16/03/2024","07:00:00",20.17,1018.48,-43.42,67.83
"16/03/2024","07:01:00",20.31,1018.71,-45.39,67.24
"16/03/2024","07:02:00",20.42,1018.66,-44.91,67.28
"16/03/2024","07:03:00",20.53,1018.44,-43.14,67.17
"16/03/2024","07:04:00",20.64,1018.64,-44.77,67.33
"16/03/2024","07:05:00",20.72,1017.01,-31.24,66.32
"16/03/2024","07:06:00",20.77,1014.53,-10.69,64.73
"16/03/2024","07:07:00",20.83,1007.39,48.88,64.42
"16/03/2024","07:08:00",20.9,1002.68,88.35,64.85
"16/03/2024","07:09:00",20.98,996.84,137.53,62.88
"16/03/2024","07:10:00",21.05,993.72,163.91,62.75
"16/03/2024","07:11:00",21.11,998.68,121.98,62.96
"16/03/2024","07:12:00",21.17,1004.51,72.98,62.36
"16/03/2024","07:13:00",21.22,1004.41,73.83,62.26
"16/03/2024","07:14:00",21.29,1012.47,6.52,63.31
"16/03/2024","07:15:00",21.35,1012.86,3.27,62.74
"16/03/2024","07:16:00",21.39,1013.38,-1.08,62.8
"16/03/2024","07:17:00",21.43,1011.27,16.47,62.53
"16/03/2024","07:18:00",21.47,1008.84,36.75,61.93
"16/03/2024","07:19:00",21.48,1005.45,65.12,61.02
"16/03/2024","07:21:00",21.54,1014.59,-11.16,62.23
"16/03/2024","07:22:00",21.57,1013.86,-5.06,63
"16/03/2024","07:23:00",21.61,1014.48,-10.2,63.47
"16/03/2024","07:24:00",21.65,1015.31,-17.14,63.84
"16/03/2024","07:25:00",21.67,1012.65,4.99,62.8
"Date","Time","Temperature(C)","Pressure(hPa)","Altitude(m)","Humidity(%)"
"Date","Time","Temperature(C)","Pressure(hPa)","Altitude(m)","Humidity(%)"
"17/03/2024","13:55:00",18.27,765.84,2299.83,29.06
"17/03/2024","13:56:00",18.25,765.94,2298.76,27.69
"17/03/2024","13:57:00",18.55,765.98,2298.4,28.11
"17/03/2024","13:58:00",18.5,765.83,2299.94,27.5
"17/03/2024","13:59:00",18.27,765.94,2298.78,25.58
"17/03/2024","14:00:00",18.3,765.9,2299.17,25.51
"17/03/2024","14:01:00",18.31,765.85,2299.73,25.82
"17/03/2024","14:02:00",18.22,765.83,2299.89,26.46
"17/03/2024","14:03:00",18.07,765.9,2299.18,26
"17/03/2024","14:04:00",18.25,765.83,2299.95,26.87
"17/03/2024","14:05:00",17.98,765.83,2299.95,25.93
"17/03/2024","14:06:00",17.97,765.66,2301.66,26.02
"17/03/2024","14:07:00",17.81,765.71,2301.22,27.2
"17/03/2024","14:08:00",17.72,765.61,2302.26,27.47
"17/03/2024","14:09:00",16.48,765.72,2301.02,29.11
"17/03/2024","14:10:00",16.51,765.5,2303.33,27.82
"17/03/2024","14:11:00",16.73,765.77,2300.58,31
"17/03/2024","14:12:00",17.57,765.77,2300.56,28.17
"17/03/2024","14:13:00",17.51,765.55,2302.83,29.64
"17/03/2024","14:14:00",16.51,765.57,2302.66,32.03
"17/03/2024","14:15:00",16.84,765.64,2301.95,28.85
"17/03/2024","14:16:00",17.13,765.61,2301.83,28.89
"17/03/2024","14:17:00",17.06,765.64,2301.86,33.72
"17/03/2024","14:18:00",17.49,765.63,2302.03,34.01
"17/03/2024","14:19:00",18.54,765.69,2301.15,31.34
"17/03/2024","14:20:00",18.22,765.6,2302.32,30.91
"17/03/2024","14:21:00",18.13,765.68,2301.49,32.12
"17/03/2024","14:22:00",18.03,765.6,2302.33,29.92
"17/03/2024","14:23:00",18.5,765.53,2303.03,32.99
"17/03/2024","14:24:00",18.42,765.61,2302.17,35.32
"17/03/2024","14:25:00",17.36,765.51,2303.29,36.95
"17/03/2024","14:26:00",17.69,765.12,2307.37,34.09
"17/03/2024","14:27:00",17.19,765.15,2307.04,36.13
"17/03/2024","14:28:00",16.85,765.07,2307.85,35.34
"17/03/2024","14:29:00",16.79,765.16,2307.26,36.72
"17/03/2024","14:30:00",17.03,765.42,2304.25,34.2
"17/03/2024","14:31:00",17.97,765.44,2304.01,34.51
"17/03/2024","14:32:00",18.2,765.47,2303.73,37.54
"17/03/2024","14:33:00",18.02,765.46,2303.82,37.84
"17/03/2024","14:34:00",18.19,765.49,2303.49,40.02
"17/03/2024","14:35:00",17.73,765.45,2303.93,41.42
"17/03/2024","14:36:00",18.4,765.43,2304.13,34.78
"17/03/2024","14:37:00",19.63,766.25,2295.55,33.01
"17/03/2024","14:38:00",19.55,766.56,2292.25,33.75
"17/03/2024","14:39:00",19.73,767.57,2281.75,32.57
"17/03/2024","14:40:00",20.04,767.84,2278.91,22.76
"17/03/2024","14:41:00",19.57,768.18,2275.41,27.06
"17/03/2024","14:42:00",17.94,768.33,2273.84,25.12
"17/03/2024","14:43:00",17.58,767.9,2278.28,27.14
"17/03/2024","14:44:00",18.08,767.89,2278.45,29.91
"17/03/2024","14:45:00",17.94,767.86,2278.74,26.2
"17/03/2024","14:46:00",16.73,768.45,2272.55,25.86
"17/03/2024","14:47:00",16.58,768.81,2268.81,26.68
"17/03/2024","14:48:00",16.73,769.29,2263.87,26.01
"17/03/2024","14:49:00",16.67,769.52,2261.41,26.49
"17/03/2024","14:50:00",18.06,770.07,2255.72,25.03
"17/03/2024","14:51:00",17.03,769.72,2259.36,29.24
"17/03/2024","14:52:00",16.12,769.19,2264.91,37.68
"17/03/2024","14:53:00",17.57,768.29,2274.24,37.19
"17/03/2024","14:54:00",18.84,768.07,2276.58,32.39
"17/03/2024","14:55:00",18.09,768.03,2277.01,32.1
"17/03/2024","14:56:00",17.91,768.48,2272.23,26.37
"17/03/2024","14:57:00",19.04,768.5,2272.03,29.19
"17/03/2024","14:58:00",18.03,768.45,2272.55,28.96
"17/03/2024","14:59:01",17.79,768.5,2272.03,28.61
"17/03/2024","15:00:00",17.26,768.49,2272.15,32.56
"17/03/2024","15:01:00",16.87,768.47,2272.41,29.74
"17/03/2024","15:02:00",16.89,768.48,2272.27,28.21
"17/03/2024","15:03:00",16.71,768.41,2272.96,32.39
"17/03/2024","15:04:00",16.47,768.4,2273.06,33.72
"17/03/2024","15:05:00",16.35,768.46,2272.44,32.38
"17/03/2024","15:06:00",17.15,768.81,2268.8,31.13
"17/03/2024","15:07:00",17.19,768.46,2272.53,28.86
"17/03/2024","15:08:00",19.49,768.54,2271.62,30.54
"17/03/2024","15:09:00",23.14,768.6,2271,22.06
"17/03/2024","15:10:00",25.9,768.64,2270.61,19.55
"17/03/2024","15:11:00",27.84,768.54,2271.65,17.98
"17/03/2024","15:12:00",29.26,768.59,2271.11,17.05
"17/03/2024","15:13:00",30.46,768.67,2270.34,16.3
"17/03/2024","15:14:00",31.76,768.62,2270.83,15.7
"17/03/2024","15:15:00",32.8,768.62,2270.87,14.71
"17/03/2024","15:16:00",33.59,768.58,2271.21,13.96
"17/03/2024","15:17:00",33.7,768.52,2271.86,14.06
"17/03/2024","15:18:00",33.6,768.55,2271.53,13.71
"17/03/2024","15:19:00",34.28,768.58,2271.26,13.62
"17/03/2024","15:20:00",34.58,768.51,2271.93,13.33
"17/03/2024","15:21:00",35.19,768.46,2272.45,12.4
"17/03/2024","15:22:00",35.63,768.56,2271.44,13.13
"17/03/2024","15:23:00",36.03,768.49,2272.13,11.79
"17/03/2024","15:24:00",35.33,768.53,2271.72,12.92
"17/03/2024","15:25:00",35.73,768.42,2272.9,11.64
"17/03/2024","15:26:00",35.54,768.43,2272.79,12.14
"17/03/2024","15:27:00",36.05,768.4,2273.14,13.27
"17/03/2024","15:28:00",35.81,768.37,2273.26,12.26
"17/03/2024","15:29:00",35.65,768.39,2273.25,12.29
"17/03/2024","15:30:00",35.41,768.38,2273.37,12.85
"17/03/2024","15:31:00",35.37,768.34,2273.72,12.38
"17/03/2024","15:32:00",35.43,768.39,2273.22,12.86
"17/03/2024","15:33:00",35.78,768.38,2273.35,11.92
"17/03/2024","15:34:00",36.39,768.37,2273.47,12.12
"17/03/2024","15:35:00",36.59,768.39,2273.22,11.81
"17/03/2024","15:36:00",36.42,768.37,2273.43,12.16
"17/03/2024","15:37:00",37.07,768.36,2273.48,11.54
"17/03/2024","15:38:00",37.36,768.39,2273.21,10.96
"17/03/2024","15:39:00",37.05,768.38,2273.31,11.37
"17/03/2024","15:40:00",37.44,768.29,2274.22,11.13
"17/03/2024","15:41:00",37.82,768.26,2274.57,11.15
"17/03/2024","15:42:00",37.79,768.29,2274.31,11.6
"17/03/2024","15:43:00",37.9,768.27,2274.43,10.33
"17/03/2024","15:44:00",38.27,768.28,2274.39,10.29
"17/03/2024","15:45:00",38.03,768.27,2274.44,9.99
"17/03/2024","15:46:00",37.41,768.14,2275.77,10.87
"17/03/2024","15:47:00",37.03,768.22,2274.96,10.39
"17/03/2024","15:48:00",37.35,768.22,2274.99,11.61
"17/03/2024","15:49:00",37.5,768.2,2275.25,11.57
"17/03/2024","15:50:00",36.96,768.17,2275.48,11.6
"17/03/2024","15:51:00",37.59,768.14,2275.77,11.26
"17/03/2024","15:52:00",38.06,768.16,2275.61,10.91
"17/03/2024","15:53:00",38.08,768.17,2275.48,11.13
"17/03/2024","15:54:00",37.97,768.13,2275.91,11.21
"17/03/2024","15:55:00",38.18,768.11,2276.1,11.58
"17/03/2024","15:56:00",38.59,768.14,2275.85,10.87
"17/03/2024","15:57:00",38.76,768.14,2275.85,10.16
"17/03/2024","15:58:00",38.96,768.1,2276.27,10
"17/03/2024","15:59:00",39.13,768.11,2276.1,10.89
"17/03/2024","16:00:00",39.36,768.04,2276.84,10.78
"17/03/2024","16:01:00",39.55,768.08,2276.49,10.4
"17/03/2024","16:02:00",39.07,768.09,2276.33,11.43
"17/03/2024","16:03:00",39.42,767.98,2277.8,11.1
"17/03/2024","16:04:00",39.43,768.02,2277.12,11.22
"17/03/2024","16:05:00",39.43,768,2277.28,10.74
"17/03/2024","16:06:00",39.15,768.07,2276.56,11.15
"17/03/2024","16:07:00",39.36,768.08,2276.47,10.86
"17/03/2024","16:08:00",39.14,768.05,2276.81,10.3
"17/03/2024","16:09:00",39.45,767.97,2277.61,10.72
"17/03/2024","16:10:00",39.56,768.03,2276.96,11.33
"17/03/2024","16:11:00",39.55,767.95,2277.77,11.07
"17/03/2024","16:12:00",40.13,768.04,2276.88,10.42
"17/03/2024","16:13:00",40.24,767.99,2277.42,9.8
"17/03/2024","16:14:00",39.62,767.97,2277.65,9.99
"17/03/2024","16:15:00",39.43,767.94,2277.95,9.75
"17/03/2024","16:16:00",31.75,767.71,2280.34,13.3
"17/03/2024","16:17:00",28.26,767.81,2279.25,17.01
"17/03/2024","16:18:00",24.46,767.33,2284.31,21.57
"17/03/2024","16:19:00",21.27,767.77,2279.7,23.59
"17/03/2024","16:20:00",19.79,768.73,2269.64,24.6
"17/03/2024","16:21:00",19.5,769.08,2266.08,23.96
"17/03/2024","16:22:00",19.1,767.77,2279.74,24
"17/03/2024","16:23:00",17.84,766.95,2288.19,30.84
"17/03/2024","16:24:00",18.4,767.63,2281.17,23.25
"17/03/2024","16:25:00",18.86,767.06,2287.04,29.77
"17/03/2024","16:26:00",17.83,765.88,2299.43,31.97
"17/03/2024","16:27:00",17.4,764.52,2313.65,27.32
"17/03/2024","16:28:00",17.06,764.18,2317.12,27.7
"17/03/2024","16:29:00",17.15,764.83,2310.33,27.84
"17/03/2024","16:30:00",17.76,765.37,2304.71,36.16
"17/03/2024","16:31:00",17.63,766.24,2295.83,36.5
"17/03/2024","16:32:00",17.82,766.58,2292.06,25.47
"17/03/2024","16:33:00",18.3,767.42,2283.36,25.38
"17/03/2024","16:34:00",16.97,768.03,2276.93,26.51
"17/03/2024","16:35:00",17.6,768,2277.33,29.56
"17/03/2024","16:36:00",18.57,768.13,2275.9,32.27
"17/03/2024","16:37:00",19.44,768.07,2276.52,33.32
"17/03/2024","16:38:00",20.23,768.19,2275.34,34.91
"17/03/2024","16:39:00",20.95,768.19,2275.28,34.89
"17/03/2024","16:40:00",21.57,770.89,2247.24,32.4
"17/03/2024","16:41:00",22.08,774.38,2211.03,31.75
"17/03/2024","16:42:00",22.51,777.54,2178.39,32.12
"17/03/2024","16:43:00",22.88,780.68,2146.07,32.96
"17/03/2024","16:44:00",23.18,784,2111.95,33.84
"17/03/2024","16:45:00",23.43,786.79,2083.39,33.69
"17/03/2024","16:46:00",23.64,790.11,2049.52,33.61
"17/03/2024","16:47:00",23.81,793.07,2019.45,33.35
"17/03/2024","16:48:00",23.97,796.3,1986.69,33.25
"17/03/2024","16:49:00",24.11,796.6,1983.68,33.33
"17/03/2024","16:50:00",24.25,796.75,1982.14,33.68
"Date","Time","Temperature(C)","Pressure(hPa)","Altitude(m)","Humidity(%)"
"18/03/2024","10:35:00",30.93,961.48,440.18,34.96
"Date","Time","Temperature(C)","Pressure(hPa)","Altitude(m)","Humidity(%)"
"18/03/2024","10:37:00",30.74,961.26,442.11,37.54
"18/03/2024","10:38:00",30.99,961.16,442.96,37.08
"18/03/2024","10:39:00",31.79,961.11,443.41,36
"18/03/2024","10:40:00",32.91,961.1,443.5,34.31
"18/03/2024","10:41:00",33.08,960.99,444.45,34.26
"18/03/2024","10:42:00",32.96,960.99,444.47,33.68
"18/03/2024","10:43:00",32.37,961,444.44,34.35
"18/03/2024","10:44:00",30.59,960.93,444.97,37.29
"18/03/2024","10:45:00",27.67,960.83,445.88,42.6
"18/03/2024","10:46:00",29.18,960.95,444.81,40.94
"18/03/2024","10:47:00",30.47,960.92,445.08,37.93
"18/03/2024","10:48:00",29.49,960.89,445.38,39.41
"18/03/2024","10:49:00",28.26,960.75,446.6,42.11
"18/03/2024","10:50:00",27.26,960.75,446.83,44.04
"18/03/2024","10:51:00",26.83,960.76,446.44,45.02
"18/03/2024","10:52:00",26.22,960.77,446.41,46.06
"18/03/2024","10:53:00",25.9,960.76,446.51,47.62
"18/03/2024","10:54:00",25.93,960.73,446.76,47.93
"18/03/2024","10:55:00",25.96,960.69,447.1,47.76
"18/03/2024","10:56:00",27.14,960.9,445.24,45.31
"18/03/2024","10:57:00",26.52,960.81,446.07,45.81
"18/03/2024","10:58:00",26.22,960.79,445.8,45.96
"18/03/2024","10:59:00",24.86,960.82,445.98,49.34
"18/03/2024","11:0:00",24.98,960.84,445.75,49.58
"18/03/2024","11:1:00",25.56,960.96,444.77,49.5
"18/03/2024","11:2:00",26.05,960.95,444.79,47.93
"18/03/2024","11:3:00",27.16,960.97,444.68,45.45
"18/03/2024","11:4:00",28.06,960.98,444.6,43.67
"18/03/2024","11:5:00",29.25,961.08,443.68,40.43
"18/03/2024","11:6:00",29.82,961.08,443.68,39.89
"18/03/2024","11:7:00",29.76,961.04,444.03,39.76
"18/03/2024","11:8:00",29.71,961.14,443.19,39.88
"18/03/2024","11:9:00",29.85,961,444.43,38.93
"18/03/2024","11:10:00",28.05,961.42,440.78,42.22
"Date","Time","Temperature(C)","Pressure(hPa)","Altitude(m)","Humidity(%)"
"18/03/2024","11:42:00",28.54,999.78,112.74,45.86
"18/03/2024","11:43:00",28.98,999.89,111.79,44.75
"18/03/2024","11:44:00",29.41,999.88,111.75,43.44
"18/03/2024","11:45:00",30.02,999.91,111.69,42.13
"18/03/2024","11:46:00",31.39,999.91,111.64,39.76
"18/03/2024","11:47:00",31,999.89,111.85,40.15
"18/03/2024","11:48:00",29.95,999.89,111.84,42.19
"18/03/2024","11:49:00",29.46,999.86,112.05,43.47
"18/03/2024","11:50:00",28.65,999.93,111.46,45.25
"18/03/2024","11:51:00",28.41,999.8,112.6,45.67
"18/03/2024","11:52:00",28.78,999.89,111.8,45.32
"18/03/2024","11:53:00",27.42,999.97,111.14,48.64
"18/03/2024","11:54:00",26.96,1000.06,110.37,48.31
"18/03/2024","11:55:00",25.82,1000.11,110,52.46
"18/03/2024","11:56:00",26.09,999.78,112.76,54.06
"Date","Time","Temperature(C)","Pressure(hPa)","Altitude(m)","Humidity(%)"
"18/03/2024","14:17:00",24.73,1016.88,-30.16,58.04
"18/03/2024","14:18:00",24.68,1016.88,-30.21,57.74
"18/03/2024","14:19:00",26.51,1017.13,-32.26,52.5
"18/03/2024","14:20:00",25.66,1017.37,-34.21,53.07
"18/03/2024","14:21:00",25.66,1017.53,-35.55,53.57
"18/03/2024","14:22:00",25.53,1017.39,-34.4,53.74
"18/03/2024","14:23:00",26.42,1017.37,-34.22,52.2
"18/03/2024","14:24:00",25.83,1017.29,-33.55,52.73
"18/03/2024","14:25:00",24.75,1017.27,-33.38,55.93
"18/03/2024","14:26:00",23.87,1017.3,-33.7,57.89
"18/03/2024","14:27:00",24.03,1017.37,-34.23,58.15
"18/03/2024","14:28:00",24.57,1017.28,-33.5,56.49
"18/03/2024","14:29:00",25.86,1017.28,-33.48,54.27
"18/03/2024","14:30:00",27.59,1017.45,-34.88,49.67
"18/03/2024","14:31:00",28.97,1017.33,-33.88,47.14
"18/03/2024","14:32:00",29.38,1017.41,-34.59,45.82
"18/03/2024","14:33:00",28.47,1017.29,-33.58,46.89
"18/03/2024","14:34:00",29.25,1017.37,-34.21,45.23
"18/03/2024","14:35:00",28.22,1017.41,-34.85,47.33
"18/03/2024","14:36:00",26.63,1017.15,-32.44,50.85
"18/03/2024","14:37:00",26.28,1016.82,-29.65,52.05
"18/03/2024","14:38:00",26.29,1016.8,-29.52,52.29
"18/03/2024","14:39:00",26.34,1016.81,-29.6,52.37
"18/03/2024","14:40:00",26.2,1016.68,-28.54,53.16
"18/03/2024","14:41:00",26.12,1016.7,-28.67,53.46
"18/03/2024","14:42:00",26.41,1016.71,-28.74,52.75
"18/03/2024","14:43:00",26.89,1016.67,-28.43,52.15
"18/03/2024","14:44:00",27.32,1016.61,-27.97,50.81
"18/03/2024","14:45:00",27.7,1016.62,-28.03,49.09
"18/03/2024","14:46:00",27.89,1016.68,-28.49,49.21
"18/03/2024","14:47:00",27.71,1016.57,-27.59,48.42
"18/03/2024","14:48:00",27.65,1016.61,-27.9,48.21
"18/03/2024","14:49:00",27.81,1016.57,-27.62,48.09
"18/03/2024","14:50:00",27.96,1016.52,-27.23,48.17
"18/03/2024","14:51:00",27.98,1016.49,-26.93,47.89
"18/03/2024","14:52:00",27.98,1016.52,-27.22,47.46
"18/03/2024","14:53:00",27.95,1016.48,-26.89,47.36
"18/03/2024","14:54:00",27.77,1016.52,-27.23,47.78
"18/03/2024","14:55:00",27.67,1016.53,-27.26,48.01
"18/03/2024","14:56:00",27.5,1016.44,-26.54,48.54
"18/03/2024","14:57:00",27.46,1016.48,-26.85,49.96
"18/03/2024","14:58:00",27.63,1016.51,-27.09,49.64
"18/03/2024","14:59:00",27.97,1016.46,-26.69,48.79
"18/03/2024","15:0:00",28.04,1016.54,-27.33,49.42
"18/03/2024","15:1:00",27.93,1016.41,-26.3,49.05
"18/03/2024","15:2:00",27.72,1016.38,-26.07,49.3
"18/03/2024","15:3:00",27.48,1016.52,-27.22,49.18
"18/03/2024","15:4:00",27.18,1016.46,-26.7,49.18
"18/03/2024","15:5:00",26.95,1016.37,-25.98,49.48
"18/03/2024","15:6:00",26.51,1016.42,-26.39,50.52
"18/03/2024","15:7:00",26.49,1016.45,-26.61,50.96
"18/03/2024","15:8:00",26.4,1016.48,-26.84,52.36
"18/03/2024","15:9:00",26.1,1016.45,-26.6,53.39
"18/03/2024","15:10:00",26.01,1016.47,-26.77,53.79
"18/03/2024","15:11:00",26.13,1016.49,-26.95,54.18
"18/03/2024","15:12:00",25.93,1016.44,-26.54,54.63
"18/03/2024","15:13:00",25.95,1016.43,-26.42,53.82
"18/03/2024","15:14:00",25.99,1016.43,-26.41,53.53
"18/03/2024","15:15:00",26.02,1016.34,-25.73,53.98
"18/03/2024","15:16:00",25.99,1016.43,-26.47,53.96
"18/03/2024","15:17:00",25.99,1016.33,-25.57,53.99
"18/03/2024","15:18:00",25.99,1016.4,-26.22,54.01
"18/03/2024","15:19:00",26.01,1016.38,-26.1,53.28
"18/03/2024","15:20:00",25.98,1016.41,-26.27,52.37
"18/03/2024","15:21:00",25.97,1016.38,-25.99,52.16
"18/03/2024","15:22:00",26.06,1016.41,-26.11,52.71
"18/03/2024","15:23:00",26.12,1016.41,-26.25,52.04
"18/03/2024","15:24:00",26.11,1016.36,-25.88,51.91
"18/03/2024","15:25:00",26.08,1016.34,-25.73,50.85
"18/03/2024","15:26:00",26.19,1016.3,-25.41,51.05
"18/03/2024","15:27:00",25.8,1016.24,-24.89,52.27
"18/03/2024","15:28:00",25.75,1016.24,-24.94,52.58
"18/03/2024","15:29:00",25.84,1016.16,-24.2,56.04
"18/03/2024","15:30:00",25.48,1016.22,-24.73,51.2
"18/03/2024","15:31:00",25.39,1016.79,-29.43,54.15
"18/03/2024","15:32:00",25.12,1016.86,-29.98,53.95
"18/03/2024","15:33:00",24.59,1016.87,-30.06,58.51
"18/03/2024","15:34:00",24.43,1016.82,-29.65,56.3
"18/03/2024","15:35:00",24.29,1016.73,-28.96,56.41
"18/03/2024","15:36:00",24.39,1016.2,-24.51,54.81
"18/03/2024","15:37:00",24.64,1016.23,-24.81,53.34
"18/03/2024","15:38:00",24.6,1016.2,-24.54,53.3
"18/03/2024","15:39:00",24.71,1016.23,-24.74,53.56
"18/03/2024","15:40:00",24.76,1016.17,-24.25,53.19
"18/03/2024","15:41:00",24.51,1016.2,-24.49,54.39
"18/03/2024","15:42:00",24.89,1016.38,-26.04,54.03
"18/03/2024","15:43:00",25.21,1016.56,-27.55,52.82
"18/03/2024","15:44:00",24.71,1016.75,-29.09,54.32
"18/03/2024","15:45:00",24.55,1017.07,-31.9,53.83
"18/03/2024","15:46:00",24.47,1017.54,-35.62,55.03
"18/03/2024","15:47:00",24.37,1017.83,-38.04,56.05
"18/03/2024","15:48:00",24.15,1019.32,-50.39,57.83
"18/03/2024","15:49:00",24.19,1019.01,-47.87,56.47
"18/03/2024","15:50:00",24.01,1019.1,-48.61,58.64
"18/03/2024","15:51:00",23.65,1019.35,-50.65,58.47
"18/03/2024","15:52:00",23.88,1019.32,-50.41,58.9
"18/03/2024","15:53:00",24.19,1019.36,-50.78,59.34
"18/03/2024","15:54:00",24.54,1019.4,-51.04,58.89
"18/03/2024","15:55:00",24.77,1019.37,-50.8,57.99
"18/03/2024","15:56:00",24.93,1019.38,-50.87,57.49
"18/03/2024","15:57:00",25.09,1019.34,-50.6,56.73
"18/03/2024","15:58:00",25.15,1019.38,-50.93,57.25
"18/03/2024","15:59:00",25.4,1019.35,-50.69,56.84
"18/03/2024","16:0:00",25.52,1019.34,-50.62,56.52
"18/03/2024","16:1:00",25.65,1019.4,-51.09,55.62
"18/03/2024","16:2:00",25.76,1019.38,-50.94,55.69
"18/03/2024","16:3:00",25.91,1019.38,-50.94,55.69
"18/03/2024","16:4:00",25.98,1019.32,-50.41,55.8
"18/03/2024","16:5:00",26.03,1019.38,-50.95,54.83
"18/03/2024","16:6:00",25.99,1019.42,-51.25,54.33
"18/03/2024","16:7:00",26.17,1019.44,-51.37,54.36
"18/03/2024","16:8:00",26.15,1019.39,-50.99,55.04
"18/03/2024","16:9:00",26.13,1019.41,-51.19,53.95
"18/03/2024","16:11:00",26.07,1019.38,-50.89,54.68
"18/03/2024","16:12:00",26.05,1019.38,-50.91,54.09
"18/03/2024","16:13:00",26.03,1019.4,-51.12,54.84
"18/03/2024","16:14:00",25.97,1019.41,-51.2,55.06
"18/03/2024","16:15:00",25.95,1019.35,-50.95,55.01
"18/03/2024","16:16:00",25.93,1019.35,-50.68,55.26
"18/03/2024","16:17:00",26.02,1019.4,-51.05,55.23
"18/03/2024","16:18:00",26.08,1019.39,-51,54.13
"18/03/2024","16:19:00",26.14,1019.33,-50.53,54.6
"18/03/2024","16:20:00",26.1,1019.36,-50.78,54.92
"18/03/2024","16:21:00",26.06,1019.38,-50.88,54.98
"18/03/2024","16:22:00",26.16,1019.4,-51.05,55.12
"18/03/2024","16:23:00",26.17,1019.39,-51.02,54.34
"18/03/2024","16:24:00",26.27,1019.39,-50.97,53.66
"18/03/2024","16:25:00",26.24,1019.39,-50.97,54.83
"18/03/2024","16:26:00",26.24,1019.37,-50.85,54.78
"18/03/2024","16:27:00",26.25,1019.41,-51.2,53.85
"18/03/2024","16:28:00",26.19,1019.34,-50.54,54.76
"18/03/2024","16:29:00",26.18,1019.3,-50.24,55.21
"18/03/2024","16:30:00",26.2,1019.35,-50.63,55.26
"18/03/2024","16:31:00",26.15,1019.51,-52.02,54.28
"18/03/2024","16:32:00",26.07,1019.31,-50.34,55.29
"18/03/2024","16:33:00",26.09,1019.31,-50.35,54.98
"18/03/2024","16:34:00",25.95,1019.32,-50.43,54.89
"18/03/2024","16:35:00",25.88,1019.3,-50.28,56.3
"18/03/2024","16:36:00",25.8,1019.34,-50.61,55.45
"18/03/2024","16:37:00",25.46,1019.26,-49.94,55.71
"18/03/2024","16:38:00",25.31,1019.31,-50.34,56.51
"18/03/2024","16:39:00",25.43,1019.36,-50.76,57.22
"18/03/2024","16:40:00",25.51,1019.22,-49.62,57.05
"18/03/2024","16:41:00",25.52,1019.22,-49.6,57.44
"18/03/2024","16:42:00",25.59,1019.2,-49.37,57
"18/03/2024","16:43:00",25.66,1019.19,-49.33,57.4
"18/03/2024","16:44:00",25.73,1019.18,-49.28,57.26
"18/03/2024","16:45:00",25.67,1019.28,-50.04,56.71
"18/03/2024","16:46:00",25.54,1019.23,-49.64,57.07
"18/03/2024","16:47:00",25.53,1019.27,-50,58.01
"18/03/2024","16:48:00",25.43,1019.19,-49.3,57.48
"18/03/2024","16:49:00",25.16,1019.2,-49.45,58.31
"18/03/2024","16:50:00",24.95,1019.21,-49.49,58.81
"18/03/2024","16:51:00",24.79,1019.23,-49.64,59.87
"18/03/2024","16:52:00",24.6,1019.27,-50.04,58.83
"18/03/2024","16:53:00",24.37,1019.15,-48.98,60.23
"18/03/2024","16:54:00",24.31,1019.22,-49.63,61.79
"18/03/2024","16:55:00",24.27,1019.2,-49.43,62.18
"18/03/2024","16:56:1",24.26,1019.35,-50.69,62.54
"18/03/2024","16:57:00",24.37,1019.22,-49.59,62.29
"18/03/2024","16:58:00",24.5,1019.22,-49.59,61.9
"18/03/2024","16:59:00",24.55,1019.28,-50.04,62.05
"18/03/2024","17:0:00",24.49,1019.26,-49.94,62.32
"18/03/2024","17:1:00",24.42,1019.26,-49.88,62.54
"18/03/2024","17:2:00",24.46,1019.25,-49.86,62.8
"18/03/2024","17:3:00",24.42,1019.25,-49.85,61.96
"18/03/2024","17:4:00",24.32,1019.27,-50.02,62.77
"18/03/2024","17:5:00",24.11,1019.34,-50.59,62.19
"18/03/2024","17:6:00",23.92,1019.37,-50.81,63.01
"18/03/2024","17:7:00",23.84,1019.36,-50.83,63.11
"18/03/2024","17:8:00",23.56,1019.19,-49.36,61.68
"18/03/2024","17:9:00",22.95,1019.27,-50.02,65.09
"18/03/2024","17:10:00",21.77,1019.35,-50.68,67.78
"18/03/2024","17:11:00",22.3,1018.88,-46.81,66
"18/03/2024","17:12:00",22.71,1018.62,-44.6,65.01
"18/03/2024","17:13:00",22.78,1018.06,-39.98,63.98
"18/03/2024","17:14:00",22.72,1017.69,-36.89,64
"18/03/2024","17:15:00",22.44,1017.07,-31.73,65.88
"18/03/2024","17:16:00",22.05,1016.75,-29.11,66.7
"18/03/2024","17:17:00",22.02,1016.69,-28.61,65.37
"18/03/2024","17:18:00",22.26,1016.25,-24.93,64.61
"18/03/2024","17:19:00",22.72,1016.82,-29.67,64.46
"18/03/2024","17:20:00",22.86,1016.82,-29.68,64.5
"18/03/2024","17:21:00",22.55,1017.09,-31.92,66.42
"Date","Time","Temperature(C)","Pressure(hPa)","Altitude(m)","Humidity(%)"
"18/03/2024","19:37:00",21.93,1017.17,-32.56,69.3
"18/03/2024","19:38:00",21.8,1017.02,-31.35,69.43
"18/03/2024","19:39:00",21.71,1017.12,-32.19,69.12
"18/03/2024","19:40:00",21.7,1016.04,-23.19,69.62
"18/03/2024","19:41:00",21.74,1015.39,-17.79,69.15
"18/03/2024","19:42:00",21.62,1015.45,-18.3,68.77
"18/03/2024","19:43:00",21.52,1015.49,-18.68,69.12
"18/03/2024","19:44:00",21.56,1015.47,-18.5,68.1
"18/03/2024","19:45:00",21.53,1015.47,-18.49,67.66
"18/03/2024","19:46:00",21.52,1015.54,-19.02,67.5
"18/03/2024","19:47:00",21.57,1015.53,-18.93,67.75
"18/03/2024","19:48:00",21.62,1015.72,-20.57,67.91
"18/03/2024","19:49:00",21.62,1016.04,-23.24,68.03
"18/03/2024","19:50:00",21.62,1016.04,-23.2,67.92
"18/03/2024","19:51:00",21.58,1016.03,-23.16,68.24
"18/03/2024","19:52:00",21.65,1016.07,-23.43,68.31
"18/03/2024","19:53:00",21.62,1016.03,-23.1,68.29
"18/03/2024","19:54:00",21.59,1016,-22.88,68.76
"18/03/2024","19:55:00",21.53,1016.04,-23.17,68.97
"18/03/2024","19:56:00",21.62,1016.23,-24.74,69.04
"18/03/2024","19:57:00",21.75,1016.22,-24.71,69.01
"18/03/2024","19:58:00",21.75,1015.97,-22.6,68.24
"18/03/2024","19:59:00",21.6,1015.67,-20.13,69.05
"18/03/2024","20:0:00",21.52,1015.7,-20.41,69.48
"18/03/2024","20:1:00",21.53,1015.73,-20.6,69.1
"18/03/2024","20:2:00",21.52,1015.74,-20.69,67.83
"18/03/2024","20:3:00",21.52,1015.76,-20.88,68.31
"18/03/2024","20:4:00",21.54,1015.75,-20.78,68.17
"18/03/2024","20:5:00",21.48,1015.76,-20.88,68.38
"18/03/2024","20:6:00",21.4,1015.73,-20.63,69.61
"18/03/2024","20:7:00",21.32,1015.71,-20.47,70.89
"18/03/2024","20:8:00",21.34,1015.71,-20.38,71.87
"18/03/2024","20:9:00",21.27,1015.73,-20.64,71.37
"18/03/2024","20:10:00",21.12,1015.74,-20.67,71.21
"18/03/2024","20:11:00",21.16,1015.72,-20.52,72.51
"18/03/2024","20:12:00",21.13,1015.74,-20.74,71.63
"18/03/2024","20:13:00",21.11,1015.68,-20.22,71.28
"18/03/2024","20:14:00",21.08,1015.71,-20.47,71.49
"18/03/2024","20:15:00",21.11,1015.67,-20.14,72.14
"18/03/2024","20:16:00",21.14,1015.71,-20.49,71.85
"18/03/2024","20:17:00",21.16,1015.67,-20.11,71.36
"18/03/2024","20:18:00",21.22,1015.72,-20.52,71.34
"18/03/2024","20:19:00",21.33,1015.67,-20.17,71.21
"18/03/2024","20:20:00",21.37,1015.73,-20.65,70.06
"18/03/2024","20:21:00",21.45,1015.73,-20.65,69.42
"18/03/2024","20:22:00",21.52,1015.69,-20.28,68.84
"18/03/2024","20:23:00",21.57,1015.73,-20.59,68.23
"18/03/2024","20:24:00",21.62,1015.74,-20.73,67.69
"18/03/2024","20:25:00",21.66,1015.78,-20.63,67.71
"18/03/2024","20:26:00",21.55,1015.78,-21.05,68.16
"18/03/2024","20:27:00",21.53,1016.16,-24.22,68.79
"18/03/2024","20:28:00",21.52,1016.18,-24.39,69.12
"18/03/2024","20:29:00",21.44,1015.86,-21.68,69.8
"18/03/2024","20:30:00",21.47,1015.83,-21.46,69.92
"18/03/2024","20:31:00",21.5,1015.78,-21.07,69.88
"18/03/2024","20:32:00",21.47,1015.68,-20.19,69.68
"18/03/2024","20:33:00",21.44,1016.43,-26.46,70.17
"18/03/2024","20:34:00",21.39,1017.31,-33.78,69.43
"18/03/2024","20:35:00",21.42,1017.49,-35.21,68.6
"18/03/2024","20:36:00",21.43,1017.7,-37.02,68.74
"18/03/2024","20:37:00",21.47,1017.74,-37.36,69.54
"18/03/2024","20:38:00",21.99,1018.31,-42.01,71.72
"18/03/2024","20:39:00",21.91,1018.49,-43.53,68.49
"18/03/2024","20:40:00",21.97,1018.44,-43.15,68.25
"Date","Time","Temperature(C)","Pressure(hPa)","Altitude(m)","Humidity(%)"
"19/03/2024","10:59:00",23.63,875.16,1218.93,28.47
"19/03/2024","11:0:00",23.21,875.16,1218.92,30.17
"19/03/2024","11:1:00",22.88,875.22,1218.35,31.49
"19/03/2024","11:2:00",22.51,875.18,1218.72,33.34
"19/03/2024","11:3:00",22.43,875.15,1219.03,33.43
"19/03/2024","11:4:00",23.44,875.11,1219.39,31.75
"19/03/2024","11:5:00",23.44,875.02,1220.2,32.21
"19/03/2024","11:6:00",22.74,875.28,1217.77,33.15
"19/03/2024","11:7:00",21.57,875.77,1213.19,35.49
"19/03/2024","11:8:00",20.98,876.48,1206.55,37.2
"19/03/2024","11:9:00",20.82,877.1,1200.74,37.75
"19/03/2024","11:10:00",20.26,877.37,1198.19,38.19
"19/03/2024","11:11:00",19.68,877.3,1198.85,39.64
"19/03/2024","11:12:00",19.32,877.26,1199.24,39.56
"19/03/2024","11:13:1",18.81,877.4,1197.92,41.54
"19/03/2024","11:14:00",19.44,877.57,1196.32,41.37
"19/03/2024","11:15:00",19.24,877.61,1195.92,41.36
"19/03/2024","11:16:00",19.29,877.51,1196.87,38.99
"19/03/2024","11:17:00",19.16,877.37,1198.22,41.67
"19/03/2024","11:18:00",19.26,876.79,1203.58,41.55
"19/03/2024","11:19:00",19.03,876.69,1204.59,44.65
"19/03/2024","11:20:00",18.65,876.68,1204.71,45.8
"19/03/2024","11:21:00",18.53,876.69,1204.55,46.2
"19/03/2024","11:22:00",18.74,876.73,1204.16,45.25
"19/03/2024","11:23:00",18.68,876.74,1204.08,45.6
"19/03/2024","11:24:00",18.71,877.07,1201.05,46.74
"19/03/2024","11:25:00",18.94,876.87,1202.92,46.25
"19/03/2024","11:26:00",19.22,876.89,1202.72,46.64
"19/03/2024","11:27:00",18.97,876.86,1203.02,46.89
"19/03/2024","11:28:00",19.3,876.73,1204.21,48.28
"19/03/2024","11:29:00",19.25,876.97,1201.99,47.7
"19/03/2024","11:30:00",19.17,876.99,1201.79,47.95
"19/03/2024","11:31:00",19.23,876.96,1202.04,47.55
"19/03/2024","11:32:00",19.36,876.99,1201.76,47.91
"19/03/2024","11:33:1",21.22,877.08,1200.92,46.08
"19/03/2024","11:34:00",20.59,876.48,1206.54,44.99
"19/03/2024","11:35:00",20.23,876.08,1210.32,45.46
"19/03/2024","11:36:00",22.05,876.08,1210.33,43.43
"19/03/2024","11:37:00",23.36,876.1,1210.1,40.63
"19/03/2024","11:38:00",22.79,876.31,1208.11,42.02
"19/03/2024","11:39:00",20.46,876.42,1207.06,45.97
"19/03/2024","11:40:00",19.91,877.02,1201.44,47.94
"19/03/2024","11:41:00",20.19,877.29,1198.98,47.73
"19/03/2024","11:42:00",19.93,877.6,1196.06,48.01
"19/03/2024","11:43:00",19.66,877.58,1196.2,48.68
"19/03/2024","11:44:00",19.2,877.52,1196.84,50.35
"19/03/2024","11:45:00",19.19,877.58,1196.22,50.5
"19/03/2024","11:46:00",19.13,877.61,1195.92,50.55
"19/03/2024","11:47:00",18.84,877.62,1195.89,51.21
"19/03/2024","11:48:00",18.78,877.65,1195.54,51.54
"19/03/2024","11:49:00",18.76,877.6,1196.04,52.07
"19/03/2024","11:50:00",18.78,877.61,1195.95,51.6
"19/03/2024","11:51:00",18.78,877.59,1196.19,51.6
"19/03/2024","11:52:00",18.74,877.57,1196.31,52.13
"19/03/2024","11:53:00",18.65,877.56,1196.43,52.3
"19/03/2024","11:54:00",18.73,877.54,1196.64,52.59
"19/03/2024","11:55:00",18.8,877.57,1196.32,52.95
"19/03/2024","11:56:00",18.9,877.5,1197.01,52.81
"19/03/2024","11:57:00",18.86,877.53,1196.75,53.49
"19/03/2024","11:58:00",18.8,877.58,1196.34,53.82
"19/03/2024","11:59:00",18.97,877.5,1197.01,53.2
"19/03/2024","12:0:00",19.55,877.44,1197.56,53.15
"19/03/2024","12:1:00",21.07,877.24,1199.41,50.01
"19/03/2024","12:2:00",22.42,877.02,1201.44,45.41
"19/03/2024","12:3:00",22.84,876.88,1202.77,44.62
"19/03/2024","12:4:00",23.96,876.73,1204.15,42.07
"19/03/2024","12:5:00",24.75,876.46,1206.68,41.57
"19/03/2024","12:6:00",25.19,876.63,1205.15,39.63
"19/03/2024","12:7:00",24.65,876.36,1207.66,40.87
"19/03/2024","12:8:00",24.15,876.7,1204.49,42.94
"19/03/2024","12:9:00",26.1,876.8,1203.55,38.59
"19/03/2024","12:10:00",26.68,877.03,1201.56,37.77
"19/03/2024","12:11:00",27.29,877.15,1200.22,36.77
"19/03/2024","12:12:00",29.11,877.29,1198.98,33.65
"19/03/2024","12:13:00",30.27,877.25,1199.5,32.39
"19/03/2024","12:14:00",31.55,877.25,1199.32,30.02
"19/03/2024","12:15:00",30.89,877.22,1199.64,30.47
"19/03/2024","12:16:00",31.79,877.29,1198.96,30.67
"19/03/2024","12:17:00",30.74,877.71,1195.05,31.56
"19/03/2024","12:18:00",28.99,877.67,1195.41,34.29
"19/03/2024","12:19:00",27.34,877.66,1195.54,37.2
"19/03/2024","12:20:00",26.44,877.64,1195.71,39.05
"19/03/2024","12:21:00",24.86,877.65,1195.62,42.49
"19/03/2024","12:22:00",25.09,877.66,1195.49,42.15
"19/03/2024","12:23:00",26.79,877.67,1195.43,39.36
"19/03/2024","12:24:00",27.6,877.69,1195.24,37.68
"19/03/2024","12:25:00",28.24,877.72,1194.96,35.99
"19/03/2024","12:26:00",28.52,877.62,1195.86,35.56
"19/03/2024","12:27:00",28.38,877.7,1195.09,35.4
"19/03/2024","12:28:00",28.9,877.72,1194.96,34.47
"19/03/2024","12:29:00",30.11,877.72,1194.9,32.45
"19/03/2024","12:30:00",30.25,877.88,1193.4,32.2
"19/03/2024","12:31:00",29.89,878.07,1191.64,32.92
"19/03/2024","12:32:00",28.81,878.11,1191.32,34.68
"19/03/2024","12:33:00",27.81,877.66,1195.45,36.99
"19/03/2024","12:34:00",28.14,877.4,1197.91,36.72
"19/03/2024","12:35:00",27.25,876.98,1201.87,38.62
"19/03/2024","12:36:00",26.36,876.75,1204.04,39.34
"19/03/2024","12:37:00",26.62,876.75,1204.01,39.4
"19/03/2024","12:38:00",26.71,876.71,1204.38,39.21
"19/03/2024","12:39:00",27.01,876.72,1204.32,38.59
"19/03/2024","12:40:00",26.6,876.69,1204.6,39.52
"19/03/2024","12:41:00",26.64,876.67,1204.74,39.01
"19/03/2024","12:42:00",25.98,876.67,1204.74,40.29
"19/03/2024","12:43:00",25.68,876.69,1204.5,40.91
"19/03/2024","12:44:00",25.54,876.7,1204.49,41.09
"19/03/2024","12:45:00",25.46,876.69,1204.59,41.37
"19/03/2024","12:46:00",25.57,876.67,1204.76,40.51
"19/03/2024","12:47:00",25.41,876.66,1204.88,41.11
"19/03/2024","12:48:00",25.29,876.65,1204.97,41.06
"19/03/2024","12:49:00",25.13,876.64,1205.08,40.89
"19/03/2024","12:50:00",25.06,876.59,1205.47,41.54
"19/03/2024","12:51:00",25.26,876.61,1205.36,42.14
"19/03/2024","12:52:00",25.51,876.62,1205.21,41.35
"19/03/2024","12:53:00",25.8,876.61,1205.36,41.21
"19/03/2024","12:54:00",26.32,876.63,1205.11,40.58
"19/03/2024","12:55:00",25.78,876.58,1205.57,41.15
"19/03/2024","12:56:00",25.88,876.61,1205.35,41.16
"19/03/2024","12:57:00",25.97,876.57,1205.7,41.21
"19/03/2024","12:58:00",25.26,876.56,1205.78,41.9
"19/03/2024","12:59:00",24.91,876.54,1205.97,42.11
"19/03/2024","13:0:00",24.7,876.53,1206.05,42.4
"19/03/2024","13:1:00",24.48,876.5,1206.31,42.77
"19/03/2024","13:2:00",23.73,876.52,1206.13,44.99
"19/03/2024","13:3:00",23.61,876.55,1205.93,45.42
"19/03/2024","13:4:00",22.94,876.51,1206.26,47.06
"19/03/2024","13:5:00",22.79,876.48,1206.57,47.31
"19/03/2024","13:6:00",22.88,876.48,1206.58,46.87
"19/03/2024","13:7:00",23.04,876.43,1206.96,47.43
"19/03/2024","13:8:00",23.07,876.45,1206.77,47.6
"19/03/2024","13:9:00",22.97,876.35,1207.75,48.03
"19/03/2024","13:10:00",22.87,876.33,1207.94,48.51
"19/03/2024","13:11:00",22.91,876.66,1204.84,48.32
"19/03/2024","13:12:00",23.93,876.6,1205.41,46.69
"19/03/2024","13:13:00",24.48,876.64,1205.27,44.08
"19/03/2024","13:14:00",23.93,876.87,1202.87,45.34
"19/03/2024","13:15:00",23.62,876.86,1202.98,45.68
"19/03/2024","13:16:00",23.31,876.85,1203.08,46.49
"19/03/2024","13:17:00",23.16,876.85,1203.06,46.72
"19/03/2024","13:18:00",23.06,876.82,1203.37,46.73
"19/03/2024","13:19:00",22.92,876.86,1202.97,46.78
"19/03/2024","13:20:00",22.85,876.85,1203.1,47.46
"19/03/2024","13:21:00",23.12,876.81,1203.48,47.6
"19/03/2024","13:22:00",23.51,876.79,1203.61,47.51
"19/03/2024","13:23:00",23.94,876.79,1203.66,46.79
"19/03/2024","13:24:00",24.3,876.75,1204.05,45.09
"19/03/2024","13:25:00",24.65,876.77,1203.78,44.83
"19/03/2024","13:26:00",24.83,876.78,1203.71,44.19
"19/03/2024","13:27:00",24.99,876.8,1203.53,43.97
"19/03/2024","13:28:00",25.21,876.95,1202.11,43.06
"19/03/2024","13:29:00",24.84,877.4,1197.91,42.44
"19/03/2024","13:30:00",23.36,878.13,1191.06,45.51
"19/03/2024","13:31:00",22.42,878.92,1183.62,48.05
"19/03/2024","13:33:00",21.23,880.4,1169.88,51.76
"19/03/2024","13:34:00",21.2,880.44,1169.49,51.95
"19/03/2024","13:35:00",21.13,880.54,1168.57,52.08
"19/03/2024","13:36:00",20.58,880.56,1168.38,53.71
"19/03/2024","13:37:00",20.51,881.42,1160.42,54.2
"19/03/2024","13:38:00",20.07,881.8,1156.83,54.82
"19/03/2024","13:39:00",20.09,882.14,1153.71,55.34
"19/03/2024","13:40:00",19.95,882.68,1148.61,56.17
"19/03/2024","13:41:00",19.91,883.17,1144.06,56.31
"19/03/2024","13:42:00",19.93,883.23,1143.58,56.46
"19/03/2024","13:43:00",19.57,883.04,1145.31,57.23
"19/03/2024","13:44:00",19.46,883.05,1145.21,57.73
"19/03/2024","13:45:00",19.11,882.98,1145.88,58.73
"19/03/2024","13:46:00",19.06,883.02,1145.48,59.85
"19/03/2024","13:47:00",18.99,883.21,1143.68,60.14
"19/03/2024","13:48:00",19.08,883.4,1141.99,59.67
"19/03/2024","13:49:00",19.42,883.32,1142.68,59.23
"19/03/2024","13:50:00",21.27,882.8,1147.51,54.91
"19/03/2024","13:51:00",19.92,882.12,1153.84,56.72
"19/03/2024","13:52:00",19.43,881.62,1158.67,58.41
"19/03/2024","13:53:00",19.47,882.4,1151.26,58.99
"19/03/2024","13:54:00",19.27,881.12,1163.16,59.65
"19/03/2024","13:55:00",19.82,880.93,1164.99,58.04
"19/03/2024","13:56:00",20.41,880.9,1165.19,57.01
"19/03/2024","13:57:00",20.77,880.91,1165.1,54.96
"19/03/2024","13:58:00",20.64,880.94,1164.87,55.19
"19/03/2024","13:59:00",21.19,880.99,1164.37,54.08
"19/03/2024","14:0:00",22.16,880.8,1166.17,52.58
"19/03/2024","14:1:00",23.72,880.89,1165.29,48.82
"19/03/2024","14:2:00",23.64,880.95,1164.78,48.77
"19/03/2024","14:3:00",23.41,880.95,1164.81,49.18
"19/03/2024","14:4:00",22.92,880.97,1164.54,49.65
"19/03/2024","14:5:00",22.4,880.97,1164.6,50.26
"19/03/2024","14:6:00",21.28,880.99,1164.4,52.92
"19/03/2024","14:7:00",20.44,881.04,1163.95,55.72
"19/03/2024","14:8:00",20.01,881.01,1164.2,57.06
"19/03/2024","14:9:00",18.91,880.99,1164.37,60.27
"19/03/2024","14:10:00",18.33,880.94,1164.89,62.34
"19/03/2024","14:11:00",19.19,880.98,1164.52,60.46
"19/03/2024","14:12:00",20.1,880.94,1164.86,57.75
"19/03/2024","14:13:00",20.62,880.95,1164.76,56.45
"19/03/2024","14:14:00",19.97,880.98,1164.5,57.9
"19/03/2024","14:15:00",19.66,880.96,1164.72,58.73
"19/03/2024","14:16:00",19.58,880.9,1165.03,59.21
"19/03/2024","14:17:00",20.03,880.92,1164.96,57.98
"19/03/2024","14:18:00",19.87,880.86,1165.62,58.51
"19/03/2024","14:19:00",19.37,880.89,1165.33,59.71
"19/03/2024","14:20:00",18.92,880.82,1165.96,61.19
"19/03/2024","14:21:00",19.2,880.9,1165.27,60.46
"19/03/2024","14:22:00",19.59,880.83,1165.86,59.29
"19/03/2024","14:23:00",19.67,880.87,1165.52,58.92
"19/03/2024","14:24:00",19.5,880.86,1165.87,59.4
"19/03/2024","14:25:00",19.47,880.83,1165.85,59.62
"19/03/2024","14:26:00",19.45,880.84,1165.76,59.58
"19/03/2024","14:27:00",19.38,880.76,1166.56,60.11
"19/03/2024","14:28:00",19.15,880.61,1167.95,60.89
"19/03/2024","14:29:00",19.09,880.58,1168.26,61.14
"19/03/2024","14:30:00",18.93,880.57,1168.3,61.34
"19/03/2024","14:31:00",19.03,880.53,1168.69,61.5
"19/03/2024","14:32:00",18.88,879.69,1176.54,61.58
"19/03/2024","14:33:00",18.61,878.74,1185.41,62.28
"19/03/2024","14:34:00",18.46,877.55,1196.52,62.43
"19/03/2024","14:35:00",18.38,876.42,1207.13,62.99
"19/03/2024","14:36:00",18.14,875.04,1220.04,63.56
"19/03/2024","14:37:00",18.15,874.12,1228.64,63.18
"19/03/2024","14:38:00",18.42,874.08,1228.99,62.72
"19/03/2024","14:39:00",18.9,874.05,1229.3,60.96
"19/03/2024","14:40:00",19.4,874.09,1228.96,59.46
"19/03/2024","14:41:00",19.67,874.11,1228.7,58.74
"19/03/2024","14:42:00",19.7,874.1,1228.9,58.62
"19/03/2024","14:43:00",19.75,874.08,1228.98,58.25
"19/03/2024","14:44:00",19.59,873.99,1229.87,58.21
"19/03/2024","14:45:00",19.43,874.02,1229.62,58.93
"19/03/2024","14:46:00",19.6,874.02,1229.55,58.65
"19/03/2024","14:47:00",19.99,873.99,1229.84,57.65
"19/03/2024","14:48:00",20.03,874.01,1229.71,57.64
"19/03/2024","14:49:00",19.71,873.94,1230.34,58.25
"19/03/2024","14:50:00",19.8,873.04,1238.76,57.73
"19/03/2024","14:51:00",19.31,873.38,1235.61,59.35
"19/03/2024","14:52:00",19.37,873.56,1233.94,59.39
"19/03/2024","14:53:00",18.94,873.61,1233.45,60.65
"19/03/2024","14:54:00",18.96,873.54,1234.1,60.69
"19/03/2024","14:55:00",18.91,873.6,1233.57,60.68
"19/03/2024","14:56:00",18.8,873.97,1230.18,61.64
"19/03/2024","14:57:00",18.72,874.6,1224.13,62.04
"19/03/2024","14:58:00",18.6,875.29,1217.64,62.62
"19/03/2024","14:59:00",18.69,875.86,1212.36,62.58
"19/03/2024","15:0:00",18.66,876.21,1209.02,62.27
"19/03/2024","15:1:00",18.93,876.23,1208.86,61.52
"19/03/2024","15:2:00",18.91,876.21,1209.08,61.09
"19/03/2024","15:3:00",18.63,876.21,1209.08,62.08
"19/03/2024","15:4:00",18.7,876.19,1209.26,62.16
"19/03/2024","15:5:00",18.82,876.22,1209.02,62.03
"19/03/2024","15:6:00",18.71,876.25,1208.66,61.96
"19/03/2024","15:7:00",18.72,876.28,1208.39,62.09
"19/03/2024","15:8:00",18.69,876.29,1208.29,61.96
"19/03/2024","15:9:00",18.33,876.23,1208.84,63.03
"19/03/2024","15:10:00",18.47,876.3,1208.25,63.49
"19/03/2024","15:11:00",18.41,876.28,1208.44,63.18
"19/03/2024","15:12:00",17.76,876.34,1207.81,64.52
"19/03/2024","15:13:00",17.64,876.34,1207.82,65.6
"19/03/2024","15:14:00",17.9,876.3,1208.25,65.3
"19/03/2024","15:15:00",18.13,876.35,1207.69,63.89
"19/03/2024","15:16:00",18.28,876.34,1207.87,63.39
"19/03/2024","15:17:00",18.45,876.36,1207.65,62.78
"19/03/2024","15:18:00",18.47,876.37,1207.5,62.74
"19/03/2024","15:19:00",18.53,876.34,1207.8,62.98
"19/03/2024","15:20:00",18.4,876.36,1207.69,62.87
"19/03/2024","15:21:00",18.28,876.33,1207.92,63.62
"19/03/2024","15:22:00",18.23,876.36,1207.68,63.86
"19/03/2024","15:23:00",18.29,876.31,1208.11,63.15
"19/03/2024","15:24:00",18.51,876.36,1207.64,62.36
"19/03/2024","15:25:00",18.5,876.29,1208.29,62.27
"19/03/2024","15:26:00",18.47,876.3,1208.24,62.4
"19/03/2024","15:27:00",18.29,876.25,1208.65,62.66
"19/03/2024","15:28:00",18.07,876.3,1208.25,63.28
"19/03/2024","15:29:00",18,876.31,1208.16,63.6
"19/03/2024","15:30:00",17.93,876.35,1207.75,64.28
"19/03/2024","15:31:00",17.86,876.32,1208,64.1
"19/03/2024","15:32:00",17.75,876.32,1208.04,64.68
"19/03/2024","15:33:00",17.88,876.34,1207.82,64.53
"19/03/2024","15:34:00",17.81,876.34,1207.82,64.71
"19/03/2024","15:35:00",17.76,876.36,1207.64,64.66
"19/03/2024","15:36:00",17.68,876.37,1207.56,64.89
"19/03/2024","15:37:00",17.83,876.37,1207.69,64.54
"19/03/2024","15:38:00",17.89,876.38,1207.47,64
"19/03/2024","15:39:00",17.83,876.4,1207.28,64.08
"19/03/2024","15:40:00",17.79,876.35,1207.71,64.04
"19/03/2024","15:41:00",17.8,876.39,1207.41,63.89
"19/03/2024","15:42:00",17.91,876.4,1207.28,63.6
"19/03/2024","15:43:00",17.96,876.38,1207.59,63.71
"19/03/2024","15:44:00",18.18,876.37,1207.57,63.07
"19/03/2024","15:45:00",18.23,876.41,1207.14,62.39
"19/03/2024","15:46:00",17.96,876.41,1207.16,62.9
"19/03/2024","15:47:00",18.13,876.35,1207.74,62.49
"19/03/2024","15:48:00",18.16,876.35,1207.74,62.41
"19/03/2024","15:49:00",18.05,876.34,1207.88,62.36
"19/03/2024","15:50:00",18.1,876.32,1208.05,62.52
"19/03/2024","15:51:00",18.3,876.29,1208.27,62.22
"19/03/2024","15:52:00",18.1,876.27,1208.47,62.32
"19/03/2024","15:53:1",17.95,876.26,1208.59,62.95
"19/03/2024","15:54:00",17.86,876.19,1209.28,63.4
"19/03/2024","15:55:00",18,876.21,1209.09,62.79
"19/03/2024","15:56:00",17.91,876.18,1209.37,63.03
"19/03/2024","15:57:00",18.04,875.64,1214.4,63.05
"19/03/2024","15:58:00",18.08,874.96,1220.78,62.9
"19/03/2024","15:59:00",18.08,874.19,1228.04,62.35
"19/03/2024","16:0:00",18.02,873.63,1233.22,62.46
"19/03/2024","16:1:00",17.94,873.6,1233.56,62.69
"19/03/2024","16:2:00",18.3,873.5,1234.45,67.9
"Date","Time","Temperature(C)","Pressure(hPa)","Altitude(m)","Humidity(%)"
"20/03/2024","9:22:00",19.35,978.79,290.93,65.8
"20/03/2024","9:23:00",19.38,977.93,298.34,64.28
"20/03/2024","9:24:00",19.31,977.25,304.17,65.28
"20/03/2024","9:25:00",19.08,976.11,313.87,67.53
"20/03/2024","9:26:00",18.74,975.93,315.42,67.64
"20/03/2024","9:27:00",18.39,974.99,323.5,69.3
"20/03/2024","9:28:00",18.19,973.75,334.22,71.45
"20/03/2024","9:29:00",18.15,973.11,339.69,69.01
"20/03/2024","9:30:00",18.1,972.1,348.35,69.84
"20/03/2024","9:31:00",18.03,971.21,356.03,67.43
"20/03/2024","9:32:00",18.07,970.83,359.29,68.11
"20/03/2024","9:33:00",18.05,970.08,365.76,70.08
"20/03/2024","9:34:00",18,969.16,373.7,68.08
"20/03/2024","9:35:00",17.93,968.23,381.73,69.86
"20/03/2024","9:36:00",17.74,967.85,385.07,70.96
"20/03/2024","9:37:00",17.51,966.94,392.92,71.9
"20/03/2024","9:38:00",17.21,966.44,397.2,72.42
"20/03/2024","9:39:00",17.12,966.06,400.5,73.57
"20/03/2024","9:40:00",17.06,966.07,400.4,73.18
"20/03/2024","9:41:00",17.03,966.01,400.93,72.74
"20/03/2024","9:42:00",17.03,966.06,400.55,73.86
"20/03/2024","9:43:00",16.87,966.06,400.54,73.81
"20/03/2024","9:44:00",16.87,966.06,400.48,73.47
"20/03/2024","9:45:00",16.66,965.31,407.01,74.68
"20/03/2024","9:46:00",16.6,964.33,415.5,72.97
"20/03/2024","9:47:00",16.77,963.63,421.53,71.39
"20/03/2024","9:48:00",16.9,962.93,427.65,69.12
"20/03/2024","9:49:00",17.12,962.95,427.48,66.51
"20/03/2024","9:50:00",17.3,962.9,427.86,64.11
"20/03/2024","9:51:00",17.42,962.92,427.7,63.63
"20/03/2024","9:52:00",17.54,962.88,428.06,63.85
"20/03/2024","9:53:00",17.58,962.93,427.62,62.61
"20/03/2024","9:54:00",17.67,962.94,427.53,63.8
"20/03/2024","9:55:00",17.64,963.01,426.95,63.67
"20/03/2024","9:56:00",17.57,962.68,429.8,64.22
"20/03/2024","9:57:00",17.52,961.95,436.15,66.08
"20/03/2024","9:58:00",17.29,961.02,444.26,69.65
"20/03/2024","9:59:00",17.08,960.24,451.01,69.99
"20/03/2024","10:0:00",16.86,959.09,460.98,71.82
"20/03/2024","10:1:00",16.79,958.28,468.05,72.94
"20/03/2024","10:2:00",16.68,958.23,468.5,73.66
"20/03/2024","10:3:00",16.58,957.53,474.57,74.32
"20/03/2024","10:4:00",16.47,956.91,480,74.59
"20/03/2024","10:5:00",16.41,955.9,488.79,76.32
"20/03/2024","10:6:00",16.46,955.24,494.54,78.42
"20/03/2024","10:7:00",16.49,954.99,496.74,76.99
"20/03/2024","10:8:00",16.43,953.85,506.69,78.45
"20/03/2024","10:9:00",16.37,953.46,510.16,79.12
"20/03/2024","10:10:00",16.39,952.9,515.01,79.72
"20/03/2024","10:11:00",16.19,951.65,525.97,79.91
"20/03/2024","10:12:00",16.17,951.97,523.19,81.03
"20/03/2024","10:13:00",16.2,951.23,529.66,81.82
"20/03/2024","10:14:00",16.11,950.91,532.48,81.54
"20/03/2024","10:15:00",16.05,950.15,539.12,82.22
"20/03/2024","10:16:00",16.05,950.16,539.06,82.95
